,times in top 5%,Mean Prob,Original Dependency,Original Dependency Score
RRM2,37,0.9935235687204309,37,-2.6354710074863408
TOP2A,37,0.9919145579810618,35,-2.248572656515154
UBA1,37,0.9844841597316503,33,-1.8243849368751757
SARS1,37,0.9936530847807188,37,-2.7931991987101767
DUT,37,0.9918021989298296,31,-1.8217677227696414
ERH,37,0.9934879348084731,37,-2.2881432883773014
PSMC3,37,0.9878845225583327,32,-1.80423838480434
EEF2,37,0.992195366202174,34,-2.599087564186024
RPS8,37,0.9917951398067646,37,-3.0800921292240475
PSMA6,37,0.990992752818374,37,-2.737570399649417
ABCE1,37,0.9927385470888634,36,-2.059658701375744
RPS5,37,0.9919535753963228,35,-2.0558566096365665
HSPD1,37,0.9906841065432574,33,-1.9847885518564303
WEE1,37,0.9956964023478397,37,-2.767234186304036
RPS15,37,0.9908756313023267,37,-2.5831104063718713
HNRNPK,37,0.9866705595910014,34,-2.129664091624064
YARS1,37,0.9917148958455339,34,-2.1842691031320034
AARS1,37,0.9942628531842617,37,-2.314373884258067
SF1,37,0.9925939521274051,37,-2.5610893988167014
BUB3,37,0.9887425335677894,37,-2.4366314343639437
AURKB,37,0.9881192542411186,36,-2.3656811196583183
RPA3,37,0.9889500678122579,36,-2.2686304971075613
SNRNP200,37,0.9909654399296186,37,-2.3636181132875587
RPS7,37,0.9919027696858654,36,-2.1878234669465084
RPS3A,37,0.9911821962476852,26,-2.9568436688267443
RPS11,37,0.9943639394399284,37,-2.6157670541652043
RPS16,37,0.9930182609472188,37,-2.0116771208933364
RPS23,37,0.9924592402604249,37,-2.302301903661341
BIRC5,37,0.9850404686755962,36,-2.1969127168667884
THOC2,37,0.9839866682215852,34,-1.9792668350166174
PSMA3,37,0.9918040219727938,37,-2.70916135446046
CCNA2,37,0.9878668618631792,15,-1.4022819092543934
DONSON,37,0.9920919682528522,35,-2.336223254408316
SSRP1,37,0.9795494879688228,15,-1.4127908214035736
SRP19,37,0.9897940089036754,26,-1.6235612338860015
PRPF38A,37,0.9853903586800032,37,-2.4671656816392598
CCND1,37,0.9790603459418358,29,-1.9895068288677353
RPS20,37,0.9894974317636577,37,-2.8323969310743147
NUS1,37,0.9915629093711441,29,-1.715496500058608
RPS18,37,0.9873812918190483,36,-2.7060584045006677
LSM2,37,0.9916547467042736,36,-2.4197004450450557
LUC7L3,37,0.9866280491287646,30,-1.9229365815578716
RPS14,37,0.9903132357038894,35,-2.260459457452655
RPS19,37,0.9909949383220156,37,-2.9295680281042182
CDC45,37,0.9859235313561587,36,-2.394480174644773
PSMD14,37,0.9809468930906003,18,-1.490965759670244
CSE1L,37,0.9909800656206972,37,-2.1809719828676473
WDR43,37,0.9820530092394028,37,-2.2386666937641375
CDC27,37,0.9923569860759079,37,-2.8914365275604967
PRPF19,37,0.9880705674489338,37,-2.6246546503713257
VARS1,37,0.9875512912466722,26,-1.6575077100045632
TRMT112,37,0.9939505393440657,36,-2.011269794549058
DTL,37,0.9858001465196008,37,-2.285401140096509
MCM7,37,0.9885061576559737,35,-1.9875373351223222
PRELID1,37,0.9939218093683055,37,-2.695251462154
ANAPC1,37,0.9903984649761303,31,-1.7580636054338927
SRSF1,37,0.991611905463107,31,-1.7976019126486407
UBL5,37,0.9893689096510946,37,-2.886516551503438
BANF1,37,0.9853142064970892,36,-2.251166114702805
SNRPD1,37,0.9880605076884366,37,-2.757139810727092
HARS1,37,0.9938651103157181,27,-1.730659606337001
CLNS1A,37,0.9786443624410542,15,-1.4426628724930723
SNRPF,37,0.9902961710551839,37,-3.073162211403158
SNRPB,37,0.9899918893436053,34,-1.87754550864265
PAFAH1B1,37,0.9919020700025127,36,-2.1134152834137026
RRM1,37,0.9907214319383776,37,-3.002748485597476
LSM3,37,0.9861967268290822,30,-1.829075751351117
NEDD8,37,0.9848963312200598,30,-1.9263790887108572
COX17,37,0.9200091359314618,10,-1.077079594726194
XRCC6,37,0.9867445896337697,35,-2.0187773745671582
RPS4X,37,0.9873448744550483,33,-2.385025693275683
EIF4A3,37,0.9906025974600166,37,-2.448165279666394
RPA2,37,0.9893662569759127,33,-2.0080363167282145
DHDDS,37,0.9939418746544435,36,-2.2550258736027207
CHAF1B,37,0.9859122585605931,33,-2.0841351566762802
NAA50,37,0.9875630000690083,28,-1.7409447182190858
PSMA5,37,0.9822227117177601,32,-1.8361708092117064
RPS6,37,0.9870896511249714,36,-2.3514541816948475
SRSF7,37,0.9914126020294053,37,-2.4960508738699447
ESPL1,37,0.9761491047369465,36,-2.3253714705467656
EFTUD2,37,0.9860650000271497,29,-1.7648302259578315
DAD1,37,0.9913426954467017,33,-1.9940652113922586
HAUS1,37,0.9860563015078643,31,-1.9033051141944972
DDB1,37,0.9908696037155014,31,-1.7884048144402236
TPX2,37,0.9194572785416165,12,-1.3031304227242735
RAN,37,0.98883194160891,37,-4.118603511909032
LSM4,37,0.9847514704541043,35,-1.9320322789270319
POLR2L,37,0.988928157467026,37,-2.9539792085576773
CARS1,37,0.9760766292477514,28,-1.8055396920602125
RPS29,37,0.9883189442995433,37,-3.1213618206358524
MFAP1,37,0.9867429948067881,34,-1.8176155943535452
RUVBL2,37,0.9874312351415824,35,-2.1236045065574927
ZMAT2,37,0.9872261709995098,27,-1.6926164913227888
ANKLE2,37,0.9911724033656424,37,-2.4179166615562435
TSR2,37,0.9927427704269823,35,-1.9600347478531013
GINS2,37,0.9916956285098653,35,-2.1799373782161986
SF3B4,37,0.9889410159609342,35,-2.0902975814844025
PUF60,37,0.9881207046208084,37,-2.774891405697109
PSMB4,37,0.9889061703338277,35,-2.3349835176399982
EIF2S2,37,0.9825835614591033,22,-1.5582215830599395
RPS3,37,0.9917662498113271,37,-2.7747036207826117
TXNL4A,37,0.9883701704643868,37,-2.3317498513110864
CDC20,37,0.9831453669178593,37,-2.356068526021695
SDE2,37,0.9879685285929085,34,-1.77153981564885
THOC3,37,0.9843600510476944,27,-1.6904903147523505
PHB1,37,0.9839085200885396,32,-1.9173555944367027
SMU1,37,0.9877080659608585,37,-2.7742041477272426
ELOB,37,0.9827203439162657,28,-1.8374255745109598
POLR2D,37,0.9835127914274061,33,-1.9963398889220307
PSMA1,37,0.9865324024681573,37,-2.2633677108426604
POLR2G,37,0.9881487832413066,30,-1.6266611414311
PSMC6,37,0.9894692226573154,34,-1.8901634002315464
NUTF2,37,0.9891263047854106,34,-1.880783550489363
KIF23,37,0.986047830130603,36,-2.2321343756842364
PSMB3,37,0.9889114751472129,37,-2.8693241837655465
CPSF4,37,0.9868122763461897,32,-1.9028284528851394
EIF2B3,37,0.9851404229799907,13,-1.4130895884989894
HAUS7,37,0.9721807128674279,19,-1.5391999295957406
RPS15A,37,0.9912343342025001,36,-2.5646473152356224
LRR1,37,0.9865438632062964,37,-2.5213143466715406
RPS13,37,0.9822338395290546,25,-1.6256978216987055
RFC2,37,0.9856431903065862,27,-1.6569333741897019
PRPF38B,37,0.9859911391326972,37,-2.168506480334482
DARS1,37,0.9857702980170376,31,-1.82549760101135
BUD31,37,0.9872413734058003,33,-2.118409691230392
RPS9,37,0.9886199547363834,37,-2.095823249273841
SNRPD2,37,0.9864975461014754,34,-2.1212249099574176
MAD2L1,37,0.9929890353400429,27,-1.7456960407180226
WDR33,37,0.9878234492765893,35,-1.9984204655028668
BUD23,37,0.9792408390088123,15,-1.4872969061668606
UTP4,37,0.98457469650217,28,-1.7997079659999056
RPS24,37,0.9891257382727958,24,-1.627793322847713
CTDP1,37,0.9889878066810404,34,-1.8781563852244367
VCP,37,0.984369020741265,37,-2.439934603779567
PCNA,37,0.9911869162911768,36,-2.9248190217008725
ATP2A2,37,0.9874873526461487,35,-1.9607050614182848
SPC24,37,0.9857301669077831,36,-2.375672562913312
PSMA4,37,0.9745893032701166,14,-1.416389990488155
EIF6,37,0.9779921839903065,24,-1.7165579620914437
EIF3F,37,0.9829393603780248,23,-1.5953599708902237
SRP54,37,0.987224637388109,36,-2.2120624774601882
CCNK,37,0.969040725145254,33,-1.816041425901772
RPA1,37,0.9834889807142654,37,-2.3979686777926585
SNRNP25,37,0.975128348346229,21,-1.6373940335204005
LSM7,37,0.9890658952094413,36,-1.9980671556159648
INTS9,37,0.9836360318166716,28,-1.6751566219318021
SUPT6H,37,0.9789516050536353,34,-2.0451894849667087
RPS27A,37,0.9813255995243519,37,-2.3450475946352
RACK1,37,0.9791214396287728,35,-2.1170640565856598
SAP30BP,37,0.9562254553442603,25,-1.801986670449155
SF3B5,37,0.9848568434113856,37,-3.044901409267346
DNAJC9,37,0.9760326727016552,20,-1.6439858697163836
HMGCS1,37,0.9684587078051523,28,-1.7380347255291917
PSMD11,37,0.9868209490904934,32,-1.7397145081666776
SNU13,37,0.9900982004028184,37,-2.6155221902175527
NCBP2,37,0.9870468958004099,34,-2.124546117243652
WDR74,37,0.990442892452618,32,-1.9413530241714376
POLR2I,37,0.9856239766687962,34,-2.0343871311428003
PHF5A,37,0.9881340007524233,37,-2.419455144396866
COPB1,37,0.9747338037233095,36,-2.3175465365885284
UBTF,37,0.9869217872619627,26,-1.6811645893445208
VPS25,37,0.9856991359779428,32,-2.092145529892659
CDC23,37,0.9891169076567297,37,-2.341479089326483
POLR2C,37,0.986279055341944,37,-2.5754517135416233
YARS2,37,0.9751152578774874,12,-1.2615628102418335
BRF2,37,0.981949020613421,29,-1.6834487603856412
DBR1,37,0.9773023654748727,27,-1.7382266209523587
H2BC11,37,0.9756203712643804,34,-2.1084900081053815
TICRR,37,0.9811809820097848,34,-1.790425737300226
DDX47,37,0.9862842887371509,33,-1.8040914831288637
ARL2,37,0.9876451347325297,30,-1.7378607336190162
SF3B1,37,0.9626709077809308,11,-1.3749301309152209
PRIM1,37,0.9858859755971408,37,-2.080529797767816
GPN1,37,0.9897903762422166,25,-1.644946274972579
ACTR10,37,0.9890717230401597,24,-1.5564736674060051
PSMA7,37,0.9870810369113545,37,-2.2055666760015513
EIF2B4,37,0.9846651006389309,32,-1.7756381486178787
RPS12,37,0.9896882208617958,37,-2.489861965189853
KARS1,37,0.9761891875181111,17,-1.483894241718671
PFDN2,37,0.98214155059677,26,-1.6049341029146993
PRPF8,37,0.9839883543349601,31,-1.860811497693171
PLK1,37,0.9853685723768698,36,-2.786873904889452
PSMB6,37,0.9785815155183947,33,-2.1819582334098944
CHMP2A,37,0.9853457405760484,37,-2.2858614143395473
INTS11,37,0.985883615575395,37,-2.0856894305971854
DDX56,37,0.9819885529913343,37,-2.2737539301789726
NUF2,37,0.978254582967844,26,-1.6522138294235686
FARSB,37,0.989577030276393,34,-1.9398646443258287
HSPA9,37,0.9804762580373267,36,-2.2136155356870475
CDC7,37,0.9766902279209446,36,-2.3552048479566032
FAU,37,0.9878982987489785,37,-2.735062288821171
POLR2B,37,0.9885294974387228,36,-2.4869818393561913
HSPE1,37,0.987185712870177,37,-3.563179223306707
LYRM4,37,0.9767497509449452,20,-1.5902074211696657
GINS1,37,0.9868973021034722,37,-2.2720249079403447
RSL24D1,37,0.9836338753098841,26,-2.2652153185456223
ANAPC2,37,0.9801721417152133,20,-1.5255031281583573
POP5,37,0.984074543725263,33,-2.13187261099773
PSMA2,37,0.9913827245299881,33,-2.1612583489465074
PSMB1,37,0.9866150128948797,35,-1.7994110546979725
EIF3D,37,0.9836030897793467,25,-1.6550767156439845
CPSF3,37,0.9847082823246451,32,-1.8713520804722754
RPS28,37,0.9833460842166936,23,-1.9919303416773304
POLR3B,37,0.9781761599016618,26,-1.7233655986821064
RBMX,37,0.98358822083688,31,-1.7878863428237388
PSMB5,37,0.9892377821174828,36,-2.005219978664687
U2AF1,37,0.9905350643235282,31,-1.8828761601846014
UTP15,37,0.9813664700533893,27,-1.630830527992978
RBM39,37,0.9815454182324111,35,-2.171420512742392
CDK1,37,0.9912102399645625,35,-2.428208693977646
TARS1,37,0.9553137716946302,26,-1.7158157676550123
EXOSC6,37,0.9872289879901991,27,-1.675962029394595
SF3A1,37,0.9767456119124954,19,-1.497048778469106
PPWD1,37,0.9853847655090124,31,-1.8115368384534924
DYNC1H1,37,0.9726134710483726,25,-1.5459737474568989
ORC6,37,0.9830416612796955,36,-2.2210142366331174
H2BC15,37,0.9822552687412983,37,-2.17885949727584
SNRNP27,37,0.9613976553753689,10,-1.3592009771176088
SPC25,37,0.9783089842882241,31,-1.7815668205337476
DDX49,37,0.9790866434037148,28,-1.6270200472299015
COPA,37,0.9730572555516215,34,-1.9944488771564088
SNRPA1,37,0.9924925694594512,36,-2.8504458574097895
PSMC5,37,0.9183426373176746,10,-1.369325147363893
MCM2,37,0.991344714486921,34,-1.9767903882501607
SUPT5H,37,0.9657273485853866,22,-1.5807742401129032
CDC5L,37,0.9858312617551098,32,-1.951468027863127
CLP1,37,0.9689539380975671,25,-1.6461680568298427
MMS22L,37,0.9773343248410267,22,-1.6317234004533496
SOD2,37,0.9045754942271085,11,-1.1878734000477447
PSMD7,37,0.9755525841369285,23,-1.626921150327489
EPRS1,37,0.9768001147218652,32,-1.7756049522145587
SRSF2,37,0.9903950245530755,37,-2.7205514868813756
SRSF3,37,0.9867305213266665,37,-2.713979452691788
NEDD1,37,0.9805337545034047,34,-1.9354561268372878
UBE2I,37,0.9757447436049178,33,-1.9238702800760457
TONSL,37,0.9872712686255174,34,-1.8950688939188256
SNW1,37,0.9777084465499396,26,-1.6052784324212306
POLR1C,37,0.9825054498406142,37,-1.930425017465551
CDC16,37,0.9849495007111149,36,-2.377527372465147
CCT4,37,0.9902830693098874,36,-2.1623927075129177
GSPT1,37,0.9640175243755722,20,-1.4481672424975152
DHX8,37,0.9667515786918432,16,-1.4738954553397825
CCT3,37,0.9850224857931739,34,-2.087645559835257
VPS28,37,0.9808733307563507,26,-1.6377374935468703
NOP56,37,0.9726998306609487,24,-1.6235462941117147
SF3A2,37,0.9712497849722168,25,-1.6083578840008639
EIF3I,37,0.985338952627268,24,-1.6274021952569726
POLA2,37,0.960319676377752,21,-1.449234126391272
EEF1A1,37,0.9585756111789392,14,-1.907562212066515
RBM22,37,0.9724777883237548,22,-1.5301095682403043
MAT2A,37,0.9651620758546365,21,-1.5071701259380055
POLR1F,37,0.9829542223397675,33,-1.9415363156979943
TINF2,37,0.9798782043628865,31,-1.915935024639245
CNOT3,37,0.9553963321823258,17,-1.5290122240504556
ELL,37,0.9756491844718521,24,-1.6558216970354416
SNRPE,37,0.9704587330689304,23,-1.8962416308945351
POLR2E,37,0.9772721335694596,22,-1.6184325139048092
TCP1,37,0.9693582262004817,26,-1.65302164692658
IPO13,37,0.9555725836539053,10,-1.2507198627400955
CHMP6,37,0.983526498347789,30,-1.7337865407467947
MCM5,37,0.9807067824913576,21,-1.555110687990194
PSMC2,37,0.9764684143367114,22,-1.6019985654842648
SYS1,37,0.9542943013680948,16,-1.5496512751991818
MARS1,37,0.9713231980263647,33,-1.833334774712408
NOP58,37,0.9858153988649179,29,-1.805193705707675
RFC5,37,0.9764268247930853,17,-1.4574410235438648
OGT,37,0.960479844797839,27,-1.6645829835936463
POLD1,37,0.9866194445807654,37,-2.5756964440597203
PRPF6,37,0.8973348221263369,10,-1.2955715166931077
MAK16,37,0.9895464181900027,33,-1.775116680885517
ECD,37,0.9858384980811731,33,-1.9465868069447183
PSMG4,37,0.9047418294457703,22,-1.632721150544384
SF3A3,37,0.9849094694799131,37,-2.42621620249774
TAF6,37,0.975299982874243,19,-1.5480231527001092
XPO1,37,0.975341903196799,30,-1.7579840138090457
ATP6V1B2,37,0.967533032099406,22,-1.6383097841597265
NCAPG,37,0.9728662124625199,26,-1.6773010154295172
CIAO3,37,0.9789600962991114,34,-1.9800726597923595
XAB2,37,0.9834756861935864,37,-2.2718253541225004
PMF1,37,0.9700112036756567,23,-1.562310318457176
GRPEL1,37,0.953318466474344,11,-1.3465902847240745
POLR3A,37,0.9731212634224076,34,-2.1820923505480305
NUP93,37,0.974036063696887,26,-1.7664563974988636
PMPCB,37,0.9777453031625832,30,-1.6995993234242068
SNRPG,37,0.9619971911112468,21,-1.972280138952013
ETF1,37,0.9752117604822725,29,-1.7730679965440415
EIF3B,37,0.9802357318165067,35,-2.000575188694984
COPS5,37,0.9739460295385068,24,-1.6559908249078057
RNGTT,37,0.9852683436763178,31,-1.8404824533869586
MED6,37,0.9757791016552901,25,-1.539370077702357
U2AF2,37,0.9708028382009214,23,-1.581782786003312
EIF4E,37,0.966657903280344,24,-1.684001458368784
EIF3A,37,0.9670016803182998,28,-1.729122015280422
CRNKL1,37,0.9789293515789613,27,-1.6678135212979477
GTF2B,37,0.972615169512259,30,-2.0573539263323357
DTYMK,37,0.9714739344141505,26,-1.7190606902214702
EIF2S1,37,0.9799104843053735,28,-1.6201970707981688
SF3B6,37,0.9842629813933157,33,-1.8507408291699894
WDR82,37,0.9674370643254873,23,-1.5901490041098665
SF3B3,37,0.9838278964833096,35,-2.4108494200904005
ZPR1,37,0.9835249620514949,20,-1.5213678965688386
PRPF31,37,0.982452168657973,37,-2.0564862958805747
PSMD2,37,0.9635088304141619,20,-1.522275279014324
NFS1,37,0.971041947871715,26,-1.741251728740207
NDC80,37,0.9209257624707782,14,-1.401495574237042
COPS6,37,0.9734487538939123,27,-1.6518566105091772
IK,37,0.9599301165288634,18,-1.5058571394778801
SMC4,37,0.9868668570174824,22,-1.549299116106237
RPSA,37,0.9688773327045612,17,-2.4248332695244375
PSMD6,37,0.9775530980513978,30,-1.8931074982948661
CKAP5,37,0.9751445634945018,33,-2.008552165378016
PSMB2,37,0.9905578934394562,37,-2.061461117618907
UTP20,37,0.9774654421720417,18,-1.4851701001995958
RPS2,37,0.9626134279611949,16,-2.0206527738360656
HEATR1,37,0.9854612967989467,26,-1.8023307716401171
SNRNP35,37,0.979355019492072,25,-1.6370388044724784
RACGAP1,37,0.9378423126968177,16,-1.4646867305329503
PFDN6,37,0.9659517761823295,20,-1.563425165656635
NSF,37,0.9809729741500306,33,-2.0590413127319684
PSMD3,37,0.9861127863059173,25,-1.6857408879426992
DDX54,37,0.9585870262738823,25,-1.653388871753166
CDT1,37,0.9749372102118827,34,-1.92501830477974
GPN2,37,0.9746392959946986,34,-2.1818873093952678
CCT6A,37,0.9765978997892089,18,-1.5319568886543762
POLR2F,37,0.9762086938093373,33,-2.108030074486261
YKT6,37,0.970411838711919,18,-1.4807106796556702
CDK7,37,0.9791461567620974,27,-1.7755224898520336
ALG2,37,0.9843285835541046,22,-1.5617093985911232
RPS21,37,0.9834072670421085,27,-1.62722865271823
PAM16,37,0.9628625769872923,20,-1.4347775335136865
NARS1,37,0.9703679385485949,29,-1.833383927535332
MED11,37,0.9620080982242621,35,-2.1911007386244195
IARS1,37,0.9781032993986802,34,-1.888703518081915
INTS3,37,0.9723999140498876,22,-1.511234860913973
RRP12,37,0.9408502071290401,12,-1.2866403384435845
QARS1,37,0.9665066658913551,30,-1.786382751644256
SEC61A1,37,0.9504662830013412,28,-1.6732481574651568
EIF2B2,37,0.9817179103155393,23,-1.5922275934778316
H2BC4,37,0.9751902560929996,27,-1.6994968557287309
HCFC1,37,0.9335584216289693,27,-1.6510909833038858
ATP6V0C,37,0.9793239488258018,36,-2.4237801244891437
EIF1,37,0.9611773045213372,14,-1.485170317693241
PSMD4,37,0.9563213243140832,17,-1.4032146808532988
SART3,37,0.9757132567800918,25,-1.6215001305551475
ANAPC11,37,0.9601693056725169,23,-1.5647647469999806
GTF2E1,37,0.8671904657338116,8,-1.2825023582210366
DDX10,37,0.9356433867334244,12,-1.3541581002494938
MED30,37,0.9707890426790392,33,-2.078214565207458
COPB2,37,0.9740610117310876,34,-2.0604821320266025
PSMC4,37,0.9815821583206589,24,-1.568066392900856
ISCU,37,0.9783231997275139,34,-2.0327043917182452
KANSL2,37,0.9561893070066295,11,-1.1884499852723394
SUPT16H,37,0.9797797041970331,32,-1.755433396143247
RSL1D1,37,0.9479430763571112,10,-1.3563868489479658
SAE1,37,0.937544810342359,18,-1.507521801088324
RBBP4,37,0.9801223047144777,25,-1.5982454885989377
UPF2,37,0.9486053441021893,16,-1.4196292852833232
UBE2M,37,0.969666043917338,20,-1.5238860051722345
CTCF,37,0.9381559883152043,26,-1.6876165238616712
CDC6,37,0.930870699989903,13,-1.4052713613962426
PHB2,37,0.9694819794044841,34,-2.074010332143654
RUVBL1,37,0.9791354751801706,24,-1.579762765147592
YBX1,37,0.9684940420829501,23,-1.6763198705237041
DYNC1I2,37,0.975791942965877,26,-1.6379650816561837
TUBG1,37,0.9651341191283219,21,-1.5475329550603856
SRSF11,37,0.9352306229574185,9,-1.3216406894389745
NIFK,37,0.9816683428781526,33,-1.8689406556129409
ATP6V1A,37,0.9545943817576846,24,-1.7043004881540575
CHEK1,37,0.9649832705119707,27,-1.70165072437811
USP39,37,0.9548473019857666,22,-1.5625872162804086
DHX37,37,0.9817461473447783,34,-1.7879708009878172
LSM8,37,0.943141982362077,14,-1.3689879159393366
HINFP,37,0.9534063827884091,27,-1.6512156885033988
SBDS,37,0.9741066935900096,20,-1.568678434810618
SKP1,37,0.9470329386693938,15,-1.3895887949625851
LSM5,37,0.9345876684596945,18,-1.4557053932645423
TIMELESS,37,0.9090470056813045,10,-1.34596551082216
RAD21,37,0.9581343327556643,25,-1.5488179460422256
GTPBP4,37,0.9701744699263357,29,-1.7609531880965743
H3-3A,37,0.9268507828583589,20,-1.8342974644569845
POLE2,37,0.9530956444439586,21,-1.4189466470427523
PSMD12,37,0.9605875187092,23,-1.5417218399129193
NOB1,37,0.9019508914904553,9,-1.3021080956934612
CHMP4B,37,0.9732486165321624,31,-1.911526470167129
NIP7,37,0.9813716728408057,36,-2.2804621884703926
PABPC1,37,0.9137591628340989,9,-1.2269841337987943
RPS25,37,0.9156584191966701,10,-1.3509444332013218
CCT8,37,0.9330350090791515,15,-1.4730278943920645
SSU72,37,0.9634125850222133,23,-1.5617659357758453
TUBB,37,0.9801883858603402,21,-1.6398825994723494
RFC3,37,0.9794709183074333,23,-1.5345669164437339
GEMIN5,37,0.9469923908646041,17,-1.4845521868275346
POLD3,37,0.9504537926063882,24,-1.657130423863521
IMP3,37,0.9741978682913218,20,-1.5598020464919393
TUBGCP3,37,0.8969062017696398,10,-1.3394941568951075
FCF1,37,0.9700801979314099,17,-1.497747287897655
POLE,37,0.9655442479494454,20,-1.5572235282436346
RPS17,37,0.9393547150465817,11,-1.4301046594949152
DYNLRB1,37,0.961042969613462,28,-1.955333319790217
RABGGTB,37,0.9238104302066941,16,-1.4601240100401904
PCBP1,37,0.9538203934291463,13,-1.3545215858940352
POLR3H,37,0.961007119836034,23,-1.6128977380773497
RNPC3,37,0.9502642143954027,24,-1.6829340438746894
DKC1,37,0.9108644369486217,13,-1.392138053751742
LONP1,37,0.9747034971778458,17,-1.3507662875662116
U2SURP,37,0.9497815966606142,11,-1.3495674368815365
RRS1,37,0.9168018572502308,8,-1.3522526154222598
PABPN1,37,0.9682805677791975,24,-1.5660390377391675
GINS4,37,0.9259970515697926,11,-1.35446855003132
CENPK,37,0.9313874395044001,20,-1.5114157891394537
TRAPPC3,37,0.9586216683860297,24,-1.6712930011417202
CDCA8,37,0.9399899485948922,17,-1.429252867877383
HNRNPH1,37,0.9314666159518131,14,-1.3720095829882142
MDN1,37,0.9487464100390941,22,-1.5703486077167892
NSA2,37,0.9626395385544578,22,-1.6320107617877686
EXOSC2,37,0.9668493764894502,16,-1.4597807073766598
SNRNP70,37,0.9573012724653022,11,-1.4477492894215405
POLD2,37,0.9405224564913158,17,-1.4445362682666856
SEC13,37,0.9597299582249411,18,-1.4652508223988412
USP5,37,0.9827145875037254,11,-1.337304196371451
SFPQ,37,0.9232255770816459,21,-1.5057447381450009
YJU2,37,0.9380662972862656,16,-1.453531984895931
ZBTB8OS,37,0.9189416546005386,10,-1.3192805886241807
CENPW,37,0.9548874287991909,26,-1.7856602249716402
RPP21,37,0.959444006284078,18,-1.5309982510670475
PLK4,37,0.9425230128271085,9,-1.3314865673284195
NUP88,37,0.9398456113832492,9,-1.2806439150031017
TRRAP,37,0.8795630091482454,13,-1.409422716819332
SPATA5L1,37,0.9432790244484806,7,-1.197081901579112
POLR3K,37,0.9694227361464285,20,-1.505628153875865
RBM17,37,0.9452279771233465,11,-1.3532670305501417
RCC1,37,0.9628221564464742,29,-1.8061286253513622
LCE2C,37,0.9550361837352718,13,-1.7347181468792354
NCBP1,37,0.9248045626524333,11,-1.3268519744560785
SCFD1,37,0.9233688985979235,9,-1.2701869513997408
EIF5,37,0.9190811050367784,9,-1.3073492388192727
WDR36,37,0.9343968635206823,15,-1.7630453034712816
CPSF1,37,0.8778120910262204,9,-1.3099799425660372
WDR70,37,0.9644607949901274,13,-1.7571441104835335
USP7,37,0.853219836950302,7,-0.950357150146406
SF3B2,37,0.9164958121003332,10,-1.3293984174581468
TRAPPC8,37,0.8494581392219476,11,-1.3162941333680058
DDX18,37,0.9184969145435473,16,-1.503238460385339
NUDT21,37,0.9438973804851909,24,-1.6077029792852693
RBX1,37,0.9210548808982781,11,-1.412037986454514
PDRG1,37,0.9420027526112291,22,-1.5327111658540842
POLR2H,37,0.9502217630008318,25,-1.5720545292816706
GTF2A2,37,0.9362780983383593,11,-1.3881678058824634
EIF2S3,37,0.9751882676605707,34,-1.872992233773013
PPIL2,37,0.8826939426026902,14,-1.4252457212764362
UFD1,37,0.9421982781307118,16,-1.4495502304228838
RBM25,37,0.9238412084880178,15,-1.4962258549358545
KAT8,37,0.923258703571182,20,-1.5936990405900298
PWP2,37,0.9552428668683713,19,-1.4992090051834106
ALDOA,37,0.85348192716504,5,-1.0743423003816925
GUK1,37,0.9261901937089524,18,-1.4708937075714146
KPNB1,37,0.9392905858185914,31,-1.8261394875336978
COPZ1,37,0.8765929746735205,10,-1.336073700701121
NUP133,37,0.9334893167555868,11,-1.3857430721311965
DPAGT1,37,0.9127125487671245,18,-1.513558678955865
EIF4A1,37,0.8783191686814971,9,-1.1846667346314208
GAPDH,37,0.8105714522503517,10,-1.2983225031759562
PSMC1,37,0.8922911906564558,9,-1.2401275924650959
PAK1IP1,37,0.925896782595832,14,-1.4164282903955097
CRCP,37,0.9609251999640249,19,-1.509947387261623
SNAPC1,37,0.9470968037038234,24,-1.7077066101239124
THAP1,37,0.919022003809611,15,-1.5358835606421894
PKMYT1,37,0.858079270468102,14,-1.353072096197447
TNPO3,37,0.9081479113649678,12,-1.3710101201651521
ANAPC4,37,0.8801562783417399,6,-1.2257741480880449
CDK9,37,0.9374680707046577,15,-1.433053065269816
INTS4,37,0.9371867228198696,13,-1.720333128821169
ANAPC10,37,0.9483506894326426,23,-1.595571031202897
WDR77,37,0.9708009018554343,18,-1.4625347477509152
CPSF2,37,0.9351270123644992,18,-1.4305499594836002
BRF1,37,0.9002013585051974,13,-1.4212246175510197
DHX15,37,0.9617903844730274,17,-1.4772963628596463
SMC1A,37,0.8752199448980728,8,-1.3082565624210063
NELFB,37,0.9119306332893199,8,-1.2203083030929944
HAUS5,37,0.916151312825916,15,-1.4346271531898183
TOMM40,37,0.8998639731256812,21,-1.5787832024596855
KIN,37,0.9485109142355018,11,-1.3497432302786216
EIF3G,37,0.9096908335750166,12,-1.3658454346600395
SNAPC2,37,0.8555989797050888,13,-1.4124719429407373
EXOSC3,37,0.9119243949383229,12,-1.3937471951987301
RANGAP1,37,0.9232254076648403,14,-1.4130331036515806
NAPA,37,0.8911916014847455,9,-1.1350488216102925
TBL3,37,0.8987105445818857,9,-1.3154513715115375
KIF11,37,0.9954010919407683,35,-2.578703566666825
LARS1,37,0.7973844923146135,10,-1.2842417189857123
SNRPD3,37,0.9464442993069555,17,-4.628475809254397
PRPF4,37,0.9162627639802728,6,-1.2029350425032415
ABCB7,37,0.8331335831332852,13,-1.3389738216611786
WDR75,37,0.9085286375101621,24,-1.659036110697999
TRIAP1,37,0.8672615789078377,8,-1.163052914081657
MTREX,37,0.8971257489006799,11,-1.3266074491806896
GARS1,37,0.8903273639378247,9,-1.3171582286882746
TOPBP1,37,0.894536863844674,7,-1.2983579108308156
ADSL,37,0.8766062873172331,5,-0.8131514291831973
NOP16,37,0.9374673130275968,14,-1.4471268459375253
PRC1,37,0.927274860643052,18,-1.4042920522539197
INCENP,37,0.8855179067667541,8,-1.2478208939150819
EXOSC4,37,0.9392336816401095,21,-1.5554791166095405
PPAN,37,0.8724537440785415,7,-1.2909751410896544
OSGEP,37,0.9518075177261422,18,-1.4018232957109213
RRN3,37,0.8752207678180558,16,-2.168598073578803
ALG11,37,0.8563081579165415,6,-1.1838689500360906
EIF1AX,37,0.9569311504428453,24,-1.6499957788518302
PPIL1,37,0.7733055620311619,7,-1.095965569909546
AAMP,37,0.8474607052835257,15,-1.4378401536081487
TPT1,37,0.813046915725142,7,-1.2864941366210902
MED14,37,0.8578770633216377,12,-1.461330473756735
DHX33,37,0.9286351150220579,8,-1.2670302967582625
NSL1,37,0.8274603817645494,7,-1.3306857947485011
PMPCA,37,0.8619219219093924,9,-1.209459275994564
NOL6,37,0.8208697655716459,7,-1.3077938140691612
IGBP1,37,0.8792885831884436,17,-1.4707841655329281
ERCC3,37,0.7903674822132867,10,-1.3536860342527859
CIAO2B,37,0.8132581758472296,9,-1.4101442617470177
TSR1,37,0.8710549731512327,8,-1.3228848722189746
TOP3A,37,0.9071368046172028,11,-1.3422333575188627
NUBP1,37,0.887508493017506,11,-1.3326438978502566
UPF1,37,0.8851768691260536,13,-1.3419107626967977
NCAPD2,37,0.9350383316611386,11,-1.3860998113608183
NUP85,37,0.8785975795608383,13,-1.411381218761965
WDR18,37,0.8620420203015611,9,-1.2423684831678425
CWC22,37,0.861293051559646,10,-1.295312420551064
HSPA8,37,0.8769101640125654,6,-1.000189866681182
LAS1L,37,0.8008578007554148,6,-1.0842625559763857
AQR,37,0.8568752783912796,10,-1.3579356958159086
SAP18,37,0.7519079885437145,7,-1.238085925771823
SLU7,37,0.847705294554298,10,-1.3296251108355026
ALYREF,37,0.8497269009281921,7,-1.1586383334682064
ATP6V1F,37,0.877997566182334,8,-1.1908187314973397
NXT1,37,0.8491892857594533,8,-1.0780100762471365
VMP1,37,0.8710393814353254,6,-1.2238927029932178
TUBGCP2,37,0.8668750084198272,13,-1.3972762544761146
RBM14,37,0.8885149128802189,10,-1.3413646377901864
RAD51,37,0.8178160063049814,9,-1.3096843653420966
DHX9,37,0.8539297816989657,8,-1.178294553049682
ROMO1,36,0.870129563845694,7,-1.1226012495225004
UBA2,36,0.8100681011047628,6,-1.21631502341323
PDCD11,36,0.8589574184130738,8,-1.3324340714794891
EXOSC8,36,0.879874162927822,7,-1.1690651091124038
SOD1,36,0.8871323576679936,13,-1.3115478844073307
SMG5,36,0.7850416001898272,8,-1.257222203433627
HAUS6,36,0.8302415308577044,8,-1.3286052719848291
TUBA1B,36,0.8156784472090227,8,-1.2488123669691817
ACTL6A,36,0.8071973175500278,10,-1.173771356462854
GGPS1,36,0.8655898768316814,8,-1.2209985603976032
TUBGCP4,36,0.7779744939395675,6,-1.2951309039515762
GMPS,36,0.8172859737166651,7,-1.050654965435837
ARCN1,36,0.884265788451389,9,-1.285498876334464
RNPS1,36,0.8560539597162493,6,-1.1326151873342991
ARIH1,36,0.856978144634653,9,-1.0830012870121346
TBCB,36,0.8137770496584751,7,-1.237417489181717
CENPA,36,0.8499814651354595,13,-1.3570954202314727
NPLOC4,36,0.799854118514944,8,-1.252287799136492
ORC1,36,0.8090850792273326,3,-1.1118208187837795
SMC2,36,0.8297485267674483,7,-1.330472402089665
INTS6,36,0.7984456883536444,8,-0.9836827636628621
TYMS,36,0.7675880049527795,8,-0.8090217775406329
EIF3E,36,0.8958035873042213,7,-1.2324495861179303
ATR,36,0.8356875233628132,9,-1.2757982597121533
RAD9A,36,0.8365785304318974,7,-1.0179919577153242
WDR55,36,0.9006933507819971,8,-1.1888756448817832
TIMM10,36,0.8127624693292159,11,-1.370309945861522
MED28,36,0.8218973985424748,12,-1.3645621120748155
DDX55,36,0.8448604412928775,6,-1.2526076420985297
DDX41,36,0.8768904421616484,11,-1.3289569510518457
DCLRE1B,36,0.8208371565366783,5,-0.9916316353390021
RPP40,36,0.8337286214033762,6,-1.1177580139458407
WDR1,36,0.9058250208143834,9,-1.1488556487555663
NVL,36,0.844085256534594,6,-1.1952561954714545
AK6,36,0.8424594954208091,7,-1.1084029260854082
GPX4,35,0.8212122763196626,9,-1.1349886030634344
CLTC,35,0.8283261069229672,9,-1.3137338652564596
SMC3,35,0.7904895717189425,5,-1.1551132286628154
DCTN6,35,0.7941416785830544,4,-1.1334799732954177
ZBTB11,35,0.8456969258331117,8,-1.3432812533266996
GTF2E2,35,0.7487322827712412,6,-1.2678291571051559
BCL2L1,35,0.82614313633669,6,-1.1325755847393535
SART1,35,0.8420582779816219,7,-1.2792219815018493
TIMM13,35,0.7910207439036595,4,-0.921711631848787
IPO11,35,0.8079764368633429,6,-1.1841255253092111
DDX21,35,0.8229492955974169,6,-1.172081702342329
NAPG,35,0.7950762985008104,3,-0.6138956727363377
STX5,35,0.7844367909644331,8,-1.3191749568450444
TRAPPC1,35,0.7681544953868503,6,-1.275999826813803
ATP6V0D1,35,0.7649358010008223,8,-1.2662037629397356
BOP1,35,0.8214231865391846,6,-1.2417987022614845
NOP2,35,0.801165168625968,5,-1.2291055092562082
CIAO1,34,0.7524872739233223,6,-1.1848327008543247
DDX20,34,0.803935816621079,5,-1.244176604776639
CCT2,34,0.7718173431999543,4,-1.1328318781650724
SEPHS2,34,0.8128447033026639,6,-0.9511505090522593
RPF2,34,0.8055859744256618,6,-1.247431679793733
AURKA,34,0.794741400006209,5,-1.1131329785234296
RBM8A,34,0.7803788835949759,7,-1.1372372768291705
EIF2B5,34,0.7712126572926838,6,-1.3460213704272148
MED22,34,0.7525736174600965,6,-1.2657742835792185
CACTIN,34,0.827832299996825,6,-1.1767230544008844
EIF3H,34,0.7782000657901459,2,-1.034653794321339
FDPS,34,0.754154250171839,4,-0.9944040703789899
MT1E,34,0.7290916716059049,6,-1.1382290897245553
MYCN,34,0.8256840971755047,9,-0.9203354491566411
SBNO1,34,0.7222428266050329,5,-1.2150093524854764
CCT5,33,0.7899438300819108,4,-1.0862279080133705
TBCD,33,0.7348848367580259,8,-1.2602138707841875
NUP43,33,0.7671230919282847,7,-1.1102887274082816
SPCS3,33,0.7612690377340774,5,-1.2342397908715923
NKAP,33,0.7649846977055674,5,-1.189698895721704
VRK1,32,0.7611816379552085,5,-0.9536622881041225
ELOC,32,0.742404520123576,11,-1.3281431006737838
ACTR1A,32,0.7242787575038772,5,-1.0106207597978274
ANAPC5,32,0.7294191932305694,5,-1.272772732489003
PES1,32,0.7322917810961371,4,-1.2304019096376346
ERCC2,32,0.7352615532775719,5,-1.1394298833573022
MEPCE,32,0.7494084999586145,8,-1.3419055616999676
MRGBP,32,0.7848025970160961,5,-0.9641292925126809
EEFSEC,32,0.7526818066835403,6,-0.8309288176020927
CDC37,31,0.738480209342895,7,-1.2187851925915154
MED4,31,0.7797469906909492,6,-1.217246946196701
POLR1A,31,0.7330189042834827,5,-1.2253026854172073
RAE1,31,0.7881054383131765,4,-1.2637108517603455
CCNL1,30,0.7413226603116427,7,-1.0797190627353677
MYC,30,0.7495436593838449,7,-0.6247102193320745
UBE2D3,30,0.7480832214156785,5,-0.9427107415156122
FAM50A,30,0.7514958172208733,4,-0.8384565834485432
NXF1,30,0.8268131725490093,4,-1.2389626504535127
MCM6,30,0.7342838822553557,3,-1.0097538594970128
DHFR,30,0.7823868330981997,4,-1.0283056334230283
VHL,30,0.7582325400163729,2,-0.9194915631397974
FBL,29,0.7758305764746393,4,-1.2467597316062458
XRCC5,29,0.708334781914607,4,-1.1375347059044445
CSTF3,29,0.7504779764975625,5,-1.2107919425796727
TXN,29,0.7593030723175783,3,-1.1503446563094053
THOC7,29,0.7401704968049607,4,-1.1359643857457746
SPDL1,29,0.6976770772759255,9,-1.4222621922324048
MASTL,29,0.7363453899649367,8,-1.3630292883370168
ATP5MF,29,0.6764949714208298,4,-1.1581066939371625
PCBP2,29,0.8112781748346898,4,-1.1790370334278024
MICOS10,28,0.7220572800863356,4,-0.8348755349174729
POP1,28,0.7722084467254936,4,-1.1967381093102545
PPP2CA,28,0.7343692407011986,4,-0.9285442862367195
NMD3,28,0.7404587954460154,3,-1.141166971747865
FIP1L1,28,0.702617118090746,4,-1.0909575919421477
PGD,28,0.7493813360730807,4,-0.9509303372132848
RPS10,28,0.7317623955508074,6,-1.4999792710714552
URI1,28,0.7481352046486877,4,-1.221083222965115
WDHD1,27,0.7438521988827873,6,-1.254470528510777
ALG1,27,0.7133118135877596,6,-1.0425282965802138
WDR12,27,0.745682226103029,4,-1.204891085654164
MED20,26,0.7441029708163861,6,-1.307352815027831
BRIX1,26,0.7204029972856052,2,-1.027034909898491
HNRNPL,26,0.7082622070343068,5,-1.3217371493196888
EEF1B2,26,0.7369702229491218,5,-1.0986239314534665
PRKRA,26,0.7278085702504866,5,-0.7559828180539806
IFITM3,26,0.7571363087074877,7,-1.2169528085937351
TTC1,26,0.7574808878394274,2,-1.1831596141798093
PDCD6IP,25,0.7090758502483366,4,-0.8822676869300868
RIOK2,25,0.7124444390336672,5,-1.2290975487930849
TPI1,25,0.7106008052825927,3,-0.9904374940982242
CHERP,24,0.7106803566113943,3,-1.2491977165790717
H2AZ1,24,0.7495664788617028,3,-1.035196290569857
PPIA,24,0.7170969194266945,3,-1.079583950271728
IRS2,24,0.7123496688178016,7,-1.1254334651473414
MCL1,24,0.7310399859108858,4,-0.8900602411463884
HYOU1,23,0.6936512134861255,5,-1.3300894121901548
NAT10,23,0.7075917347185853,5,-1.304017297873152
HAUS4,23,0.7203569331246874,6,-1.2541341046877
POP4,23,0.6971679221892704,4,-1.1294475769854984
MCM3AP,22,0.7408496164011233,4,-1.2401277466368905
FXN,22,0.7472816740416668,2,-0.7882000610623542
UBE2L3,21,0.673605968820907,5,-1.119089956995214
PSMB7,20,0.6534498765133321,4,-1.2268557500535906
TBCA,20,0.6899666695855557,5,-1.167518227820405
SDAD1,20,0.6805924072861671,2,-1.094880065353403
WARS1,20,0.7310671279827753,5,-1.28906102368556
SEM1,20,0.7108766105026005,4,-1.1591406874334476
CDC73,20,0.6933175951242447,4,-1.331503483328487
SRP9,19,0.7356189962541848,3,-1.1222648961068529
CHD4,19,0.7419213824170201,3,-1.1113919139748993
PDCD7,19,0.7097091442300824,2,-1.1132010537955703
PRMT1,19,0.7253491175279282,4,-1.2640545618731736
NPM1,19,0.7058946674591616,3,-1.213663578626788
ASCL1,19,0.7486194580009109,3,-0.6139755634231453
GTF2H3,18,0.707310531012438,3,-1.0331116758442942
PPP4C,18,0.7041153606303312,4,-1.2600818746406324
SMG6,18,0.7222298041537956,4,-1.168427835077945
EIF5A,18,0.7677648061955417,6,-1.25094593941338
TRA2B,18,0.718607397198125,3,-1.059218006204293
PPP2R1A,18,0.7456043721349151,2,-0.9607470098578078
GNL2,18,0.701737606725483,3,-1.2251693362424456
RFC4,17,0.6918063485885367,2,-1.08139132738925
AKIRIN2,17,0.682497080634622,5,-1.1971956648150035
HJURP,17,0.6848409873451672,8,-1.2831809954072648
RBBP5,17,0.7150681145094316,2,-1.0058882939034646
ARFRP1,17,0.736672248253051,5,-1.1039567972071072
DNAJC17,16,0.6536636818976451,5,-1.3414244181189396
RRP15,16,0.7379553212085739,2,-1.1004918549592841
RABGGTA,16,0.7251320506911725,4,-1.3197705087496125
ACTR2,16,0.7447457825765014,5,-1.2632798333917794
UBE2N,16,0.6811520562817652,3,-0.9205316675512796
GINS3,15,0.7201691340603349,3,-1.1224167279776116
COPE,15,0.6684224530640576,3,-1.0411849502407302
LCE1F,15,0.7175708512465159,3,-1.3278816817266565
COPS4,15,0.7003535166382789,2,-1.0161830774575735
PCF11,15,0.7203761567465132,3,-1.111656994082263
LDB1,14,0.7120838924532844,5,-1.1783557149952004
H2AC20,14,0.7332801620165508,5,-1.365730737125491
CHAF1A,14,0.7113208466076425,2,-1.1445552378005812
CDK4,14,0.6999061556555154,2,-0.7674894381502883
H2BC9,14,0.721547829962912,3,-1.258329357925375
CDK6,14,0.6461736600668658,4,-1.017659673905965
NUP214,13,0.7424591344136459,4,-1.4090878838067664
LETM1,13,0.71199139732963,4,-1.2785227500539722
FBXO5,13,0.7100451451081496,3,-1.1595592335137495
CLSPN,13,0.7241834685779533,4,-1.382684215089938
YY1,12,0.6865086807972856,3,-1.1201991814063026
RAD17,12,0.7345841079950333,3,-1.0012340219604863
GRB2,12,0.6931274375981754,5,-1.189349061649367
SNAPC3,12,0.715827932012164,4,-1.1516462888693717
MIS12,11,0.7134846685962244,3,-1.162190161097496
RNF113A,11,0.6961661538278515,1,-0.9606559876801536
PCID2,11,0.7251964614472607,3,-1.3420905413533968
EEF2KMT,11,0.7170942733064294,2,-1.0007502798790637
NDE1,11,0.768258426677097,3,-1.0009231260336917
DSN1,11,0.6318428388031228,1,-0.8772251297040433
CAPZB,11,0.6685879380639755,3,-0.9379658200927959
AHCTF1,11,0.7044576400481729,2,-1.2227625371082587
TAF1C,11,0.7803263047314956,5,-1.2458720753472612
ATP6V1E1,11,0.7483600175403283,4,-1.3219632753636783
SERBP1,11,0.67527849718251,2,-0.9294291963058899
PSMG3,10,0.714798181100438,1,-1.0469287603164548
SEH1L,10,0.7301786333322525,4,-1.3013736636570672
FNTB,10,0.7141323776294788,3,-1.082336228485175
CSNK1A1,10,0.7231844929357369,4,-1.1957342356737979
DMAP1,9,0.6917214906877942,5,-1.2008735581729133
KIF18B,9,0.6452597031527181,1,-0.5479246959531353
TOMM22,9,0.6891107561273708,3,-1.3417752690184683
BCLAF1,9,0.6855497679293707,5,-1.16730710022506
BUB1B,9,0.6678670704573892,2,-1.1205694624479499
IMP4,9,0.7514747367412956,3,-1.2634457663065484
ELAC2,9,0.763100562104093,2,-1.2148850929164217
MCM4,9,0.7147143850172006,2,-1.2776233218881554
LSG1,9,0.6806162720442646,4,-1.2410767413523678
NRBP1,9,0.6562650465854891,2,-0.8900126858254686
SIN3A,9,0.6701399231398547,3,-1.2446053000019444
ALG13,9,0.7166736661648109,1,-0.9106950453109248
MAD2L2,9,0.7132911924962645,3,-1.2018575761883323
SDHC,9,0.7253982386103384,3,-1.2499952276058102
RRP9,8,0.7207781914621592,2,-1.2370446302406486
SNAPC5,8,0.7237781028088648,2,-1.1483354388419094
RPP25L,8,0.7090520414834222,3,-1.0721697048375136
NOL10,8,0.705039189507564,3,-1.3258242121324058
POLR1B,8,0.7595540558298428,2,-1.2416077563783001
USP36,8,0.6882212948209296,2,-1.264083466893322
NOC4L,8,0.778155540387767,2,-1.280427795688257
TERF2,8,0.7190939883391062,3,-1.2437834662470826
TOP1,8,0.7214146711921785,3,-1.2938035362462914
METTL16,8,0.7246131536861261,4,-1.3295858674542125
WDR5,8,0.6820890077700217,5,-1.349759495992458
FDX2,7,0.7783988637938385,4,-1.340944145161638
MAGOH,7,0.7103770935819262,3,-1.1752907099199597
GPN3,7,0.7156736978462764,3,-1.1837222303463364
ACIN1,7,0.8076843754166648,1,-0.9885399351502145
UTP11,7,0.7105647712236359,3,-1.027179004403627
NOP9,7,0.7361084289760108,2,-0.944431708634424
ZNF131,6,0.7135640631119409,4,-1.5012579181550298
NOL9,6,0.8087900231281916,4,-1.5235918353188238
NAA10,6,0.6712929647829798,3,-1.1888550317463502
DDX51,6,0.7040363856487803,5,-1.350057613013962
ATP5ME,6,0.6829358660733204,1,-0.6534938118063868
SNAPC4,6,0.6931691981024212,4,-1.3574580614858685
RTN4IP1,6,0.676828161716306,1,-0.5346565410548957
MVD,6,0.7866883294449911,3,-1.3798765359825922
SACM1L,6,0.728673417535093,5,-1.672620629319609
ACO2,6,0.7214658156865172,4,-1.3920718049386105
ISL1,6,0.7519897487428454,7,-1.374397310355078
XRCC3,6,0.7054079555544175,2,-0.9501460943054393
MRPS23,6,0.6975393411186007,2,-1.0857339470172362
COPG1,6,0.7599154429303274,2,-1.0305358779811684
EXOC3,5,0.7147998460723708,1,-0.8880612107147898
DDX3X,5,0.6824973247208012,2,-0.6046992299365298
RBMXL1,5,0.6855921037461181,3,-1.3536708683369691
KRI1,5,0.6520054269320099,1,-1.3964208497498902
ATP5F1E,5,0.6644428590933482,3,-1.4125441750807861
SPATA5,5,0.585024647772904,1,-1.1573989718317346
SGO1,5,0.6694145834694306,2,-1.1452279594732935
UBR5,5,0.6627421314328482,1,-0.823701106400655
MRPS21,5,0.7610476553440094,2,-1.3640765311137606
CHORDC1,5,0.7106358199729584,1,-1.0163369264038529
MPHOSPH10,5,0.6211286538852921,1,-1.0589655592786413
PRMT5,5,0.6870336628208558,3,-1.3348376215361413
NUP160,5,0.8007411876693368,2,-0.9709514534160345
PSMD13,4,0.7050881731944779,1,-1.1662731962023714
ILF2,4,0.795956127345562,2,-1.1907127758468838
NUP205,4,0.6889896078500897,2,-1.2321172999074246
POLR2K,4,0.8885093356172244,3,-1.693301820622195
RAD51C,4,0.7481515382726988,2,-1.1009680271384163
PPP1R8,4,0.8355670658250649,3,-1.3008651754130538
PPP1R10,4,0.825115405023098,2,-1.4320242521066862
TSG101,4,0.7350117461755872,2,-1.3697427109016478
ATP6AP1,4,0.7505545628567537,2,-1.0992415033914105
NCAPH,4,0.7430409342050552,2,-1.4335809984869317
DNM2,4,0.7062192099789778,3,-1.719853807202626
RBBP6,4,0.6967551089279974,1,-1.167268763510115
GPS1,4,0.7062425734087204,2,-1.281919791099391
EIF4G1,3,0.7015358425883784,1,-1.3213030186602934
EXOSC7,3,0.7076370262851318,1,-1.1656212178441037
CCNH,3,0.7146536445038186,1,-1.2218200209265833
MZT1,3,0.7405718478063742,2,-1.3763720217042055
PNN,3,0.7550221830606461,1,-1.0651520055377421
TSEN54,3,0.6706992325683435,1,-1.0932538098885225
EFL1,3,0.7275592970901116,1,-1.1785602864749751
EIF4G2,3,0.705366379684872,2,-1.4515810565028457
TIMM23,3,0.7834877967834473,1,-1.010465094352047
THOC5,3,0.8116439282894135,2,-1.352196528019343
LSM6,3,0.7990473537809318,2,-1.4576614461243
DCTN5,3,0.6587681455744638,4,-1.2762614545561817
KIF18A,3,0.7064769002608955,2,-1.504916056240882
MIS18A,3,0.7561204325821665,1,-1.2495800963761154
POP7,3,0.8157858451207479,2,-1.2089064312530393
KNTC1,3,0.7664215693043337,2,-1.1656719851237745
PPP2R3C,3,0.6744106054926912,3,-1.5894114242643356
NRF1,3,0.7307865023612976,3,-1.4937847462291345
SYMPK,3,0.7056766384177738,2,-1.453517958510302
SINHCAF,3,0.7710702303383085,1,-0.9431464644951415
CCDC86,2,0.6550498375496925,1,-1.1342172177305607
CHCHD4,2,0.9728641112645466,2,-1.7773967983870516
ELP6,2,0.8125031491120657,2,-1.5851936393200825
POLR3C,2,0.8496213555335999,2,-1.705502232105252
MRPS35,2,0.8208948630041657,1,-0.9513291649761914
COX6A1,2,0.6665381635393715,1,-1.2276936071393796
EIF3M,2,0.7808295960227648,1,-1.2414822810354265
HAUS3,2,0.802570144335429,1,-1.4659366210100768
MAX,2,0.7134902427593867,2,-1.590725519610717
NDUFB10,2,0.7759324122844191,1,-1.3385572464951006
GMPPB,2,0.7693757166465124,2,-1.5176190240587801
PELO,2,0.7761737823796768,1,-1.1933641954500582
MED31,2,0.8069269806146622,2,-1.7120457793643504
TTI2,2,0.873639444510142,1,-1.078658255586685
PPP1R12A,2,0.5798401329963478,2,-1.157343927536062
TAF8,2,0.7734748041257262,1,-1.265569022674547
ISCA2,2,0.7582958491596703,1,-1.3364331975760786
MRTO4,2,0.7113848601778349,2,-1.304089590371933
REXO2,2,0.7359044912254831,1,-0.9062410611250669
VDAC1,2,0.7669830626497666,1,-1.2559070745610668
TXNL4B,2,0.851096048951149,2,-1.5589482315077676
CFL1,2,0.8232039971335325,2,-1.1879500778834453
RPP38,2,0.7674370805422466,2,-1.6159601537278414
PHAX,2,0.7741756041844685,2,-1.7676169107394828
GFER,2,0.7948428188901744,1,-1.3614374440646366
TTC4,2,0.9497380355993907,2,-1.5536136646647911
MCM3,2,0.6453828212688677,1,-1.4706765625902325
ALK,2,0.8114492886694885,1,-0.8790447835994857
GTF3C5,2,0.8843933145205181,2,-1.6234427081457121
TTI1,2,0.8939218521118164,2,-1.5778699479028173
TP53RK,2,0.8393710106611252,1,-1.1557424983061702
SOX11,2,0.7979455814208146,1,-0.8080836560868656
ATL2,2,0.6644320723911126,1,-1.4176630375521313
HEATR3,2,0.8208606627322297,1,-1.0708686517354862
INTS5,2,0.7557892904321003,1,-1.265988248643572
RINT1,2,0.9249092936515808,2,-1.753224244732567
WSB2,2,0.6127132907373987,1,-1.010842638261615
VPS18,2,0.6680074303100506,1,-1.3004900092052392
PTPN11,2,0.6683228040734928,3,-1.9142082077143712
HSPA5,2,0.7938455954135861,1,-1.183339052775319
CINP,2,0.8606571455796559,2,-1.7402435514160475
DENR,2,0.8137259284655254,2,-1.6298309370998263
NDUFB4,1,0.979991098244985,1,-1.739899183991601
XRN2,1,0.7838624815146128,1,-1.5054940776669783
CIAPIN1,1,0.9803608059883118,1,-1.6311932321275031
PPM1G,1,0.9853691260019938,1,-1.6993507176194684
SRFBP1,1,0.7376332978407542,1,-1.5400335320213072
COQ4,1,0.89893772204717,1,-1.564897741949261
CCDC59,1,0.9061352809270223,1,-1.5082249485150132
KANSL3,1,0.9730763037999471,1,-1.502506348335169
PPP1R11,1,0.6183646530068169,1,-0.7888652791235721
COQ2,1,0.8510160446166992,1,-1.5723866497596015
MRPS11,1,0.8952250083287557,1,-1.8884302008988672
MIB1,1,0.6601862410704294,1,-1.653842626065371
SASS6,1,0.6714364588260651,1,-1.5400468203093964
DDX24,1,0.716442734003067,1,-1.5645575797429518
WDR46,1,0.709253340959549,1,-1.5661765437740902
CTR9,1,0.8207104901472727,1,-1.635260804745737
TAF10,1,0.7715307672818502,1,-1.5806358223701975
TUBD1,1,0.8410266637802124,1,-1.867515774504925
TRAPPC5,1,0.8895341356595358,1,-1.679197867500973
ASPM,1,0.9511646032333374,1,-2.0108073092488703
THOC1,1,0.7612299621105194,1,-1.5419035805594608
SLC39A7,1,0.9648707509040833,1,-1.6834058552158222
GTF2A1,1,0.9857792059580485,1,-1.908766731909216
DDX23,1,0.7826075851917267,1,-1.6093749670210848
SMARCA4,1,0.9870754679044088,1,-1.949320085351184
DDX27,1,0.6328945780793825,1,-1.5408876760723231
ZNF492,1,0.6701454088712732,1,-1.648940258463603
STX18,1,0.6873168895641962,1,-1.5086999856273475
POLR3F,1,0.6648033568635582,1,-1.5449632612254578
NUDC,1,0.9843701720237732,1,-1.5317549929920105
GTSE1,1,0.993337869644165,1,-1.90999716856861
ELP4,1,0.8969408671061198,1,-1.645857179142164
SNRNP40,1,0.9830632011095682,1,-1.8369089102768767
NCAPG2,1,0.9725044767061869,1,-1.7746479448261936
CENPE,1,0.9670762419700623,1,-1.8560606450744368
TCOF1,1,0.9416890939076742,1,-1.8177869505516544
GAK,1,0.9388556083043417,1,-1.51745456715675
DPH3,1,0.9247544805208842,1,-1.682965984085185
TACC3,1,0.9082241853078207,1,-1.9269765744322456
POLR1H,1,0.9044700860977173,1,-1.5634065771832963
CEP192,1,0.722794771194458,2,-1.7048859521086308
NCAPH2,1,0.887369712193807,1,-1.9660785570853667
MDM2,1,0.8214502731959025,1,-1.857258483398152
MDM4,1,0.8035441835721334,3,-1.5031057823220346
LCE2A,1,0.8016098837057749,1,-1.726607715442302
HNRNPU,1,0.7980405886967977,2,-1.6135739427028382
MYBBP1A,1,0.7258735597133636,1,-1.7147426558654673
PPM1D,1,0.6860900322596232,2,-2.2761026923057948
GATA3,1,0.5309751983731984,2,-1.740779338795619
MED17,1,0.9064814249674479,1,-1.5941387613170992
H2BC13,1,0.9702930251757304,1,-1.5685033810882256
TUBE1,1,0.9940843383471171,1,-1.8540989902949616
PPP1R7,1,0.9000449975331625,1,-1.5299554288832862
ABT1,1,0.8558082183202108,1,-1.7380258257479004
MAU2,1,0.9044926563898722,1,-1.579238011277161
ILF3,1,0.7770770986874899,2,-1.84705748351826
DDX5,1,0.756911059220632,1,-1.8569598608190727
XRCC2,1,0.732946127653122,1,-1.5198644272103528
ARF4,1,0.7071721951166788,1,-1.8115785475214023
LMNB1,1,0.6782042334477106,1,-1.7879803299750678
CENPM,1,0.9903220136960348,1,-1.6050979215559047
TAMM41,1,0.8326800465583801,1,-1.787386712635419
COG7,1,0.9830899834632874,1,-1.5663541795776252
BMS1,1,0.9954519867897034,1,-1.5373343642019708
ITGAV,1,0.9646293918291727,1,-1.6586313000122377
COG8,1,0.7845622897148132,1,-1.641764622977867
FURIN,1,0.9850497643152872,1,-1.5046115811588638
DAP3,1,0.9937429229418436,1,-1.6444577236176523
AFG3L2,1,0.9993375539779663,1,-1.652605234546388
RTEL1,1,0.7486729224522909,1,-1.8330339074985864
PHOX2A,1,0.8249953587849935,2,-1.8311164829587103
SETD1A,1,0.9113631248474121,1,-1.5366471346792998
TARDBP,1,0.987712581952413,1,-2.418075569358745
HNRNPC,1,0.9803013205528259,1,-1.5099827287464131
KCNS3,1,0.8945820530255636,1,-2.524393028105758
RIC1,1,0.979569693406423,1,-1.670830500582593
KRR1,1,0.5969221153839802,1,-1.2601039480620924
H2AC6,1,0.8517824411392212,1,-1.61857317623211
RHOQ,1,0.6481316536664962,2,-1.5880913244619617
GLRX3,1,0.6826987514893214,1,-1.6492621086103034
SYF2,1,0.7087182601292928,1,-1.5733583854678366
CAD,1,0.9991066058476766,1,-1.5356389161649433
NUP155,1,0.9109209974606832,1,-1.8547160621073224
SDHAF1,1,0.994789183139801,1,-1.968445431651164
DHX36,1,0.9943942427635193,1,-1.602441777641559
SRF,1,0.9953597982724508,1,-1.6621554579782611
ATP6V0B,1,0.771180639664332,1,-1.5975791907313883
FTSJ3,1,0.9047566254933676,1,-1.829185218326935
NLE1,1,0.6460969134544333,1,-1.5213172857727206
OIP5,1,0.8745082020759583,2,-1.6137327470636995
LRP8,1,0.6906195282936096,1,-2.0027823783842336
SON,1,0.8529955148696899,1,-1.559351885597669
FCGR1A,1,0.8165730039278666,1,-1.5663556101570233
RBBP8,1,0.7867335677146912,1,-1.5858182126024136
HMGCR,1,0.9826968510945638,1,-1.5340054767942266
ATP5F1B,1,0.7143218517303467,1,-1.6984428476414806
HSCB,1,0.9937155246734619,1,-1.5667284357212383
BCS1L,1,0.9934554696083069,1,-1.5174437728941583
HDAC3,1,0.9930597146352133,1,-1.5510124846937925
DDX39B,1,0.9999332030614217,1,-2.065124472327484
CIT,1,0.6369630495707194,1,-1.694607653438393
PPA1,1,0.997008204460144,1,-2.275439243206553
MMS19,1,0.9978521267573038,1,-1.51849687032058
DNAAF10,1,0.998746653397878,1,-1.767121752406019
ATP5PB,1,0.9987511237462362,1,-1.6533232967892109
FERMT2,1,0.9993261694908142,1,-1.8064671650602608
SNUPN,1,0.9993372956911722,1,-1.584445667260054
ARPC4,1,0.9968676368395487,1,-1.6868003279236812
CSNK2B,1,0.99946129322052,1,-1.5813201481232038
RPP30,1,0.9997294743855795,1,-1.547578760898314
ATP5F1A,1,0.9998135368029276,1,-1.7003762389459265
GEMIN4,1,0.9998191396395365,1,-1.581668522254711
MED25,1,0.999921719233195,1,-1.8726751199292777
MED26,1,0.9999797344207764,1,-1.5620486247802656
NUBP2,1,0.9927892684936523,2,-1.5591086565395218
TIMM9,1,0.9995249509811401,1,-1.6533149495099198
RRP7A,1,0.9960394501686096,1,-1.525051955297036
RTCB,1,0.9951466917991638,1,-1.948766234740597
DHPS,1,0.9941854079564413,1,-1.997760632968926
SUPV3L1,1,0.9236042896906534,2,-1.5043008964248383
MFN2,1,0.9362691044807434,1,-1.6311136574102938
MED18,1,0.9429469505945841,1,-1.797149488439576
PNPT1,1,0.9574520985285441,1,-1.5176543406353886
GEMIN6,1,0.9677459994951884,1,-1.5490482565852497
ATP5F1D,1,0.972999115784963,1,-1.734957157372251
FDXR,1,0.98731929063797,1,-1.889600729102532
CDIPT,1,0.9874558846155802,1,-2.0689668819426883
GEMIN7,1,0.9899740616480509,1,-1.5460229284639075
PSMD1,1,0.7789845565954844,1,-1.6661521801251071
