"Step","GNN_expression_cnv_soft_1 - gene_ap","GNN_expression_cnv_soft_1 - gene_ap__MIN","GNN_expression_cnv_soft_1 - gene_ap__MAX","GNN_expression_cnv_soft_999 - gene_ap","GNN_expression_cnv_soft_999 - gene_ap__MIN","GNN_expression_cnv_soft_999 - gene_ap__MAX","GNN_expression_cnv_soft_42 - gene_ap","GNN_expression_cnv_soft_42 - gene_ap__MIN","GNN_expression_cnv_soft_42 - gene_ap__MAX","GNN_cnv_soft_expression_1 - gene_ap","GNN_cnv_soft_expression_1 - gene_ap__MIN","GNN_cnv_soft_expression_1 - gene_ap__MAX","GNN_cnv_soft_expression_999 - gene_ap","GNN_cnv_soft_expression_999 - gene_ap__MIN","GNN_cnv_soft_expression_999 - gene_ap__MAX","GNN_cnv_soft_expression_42 - gene_ap","GNN_cnv_soft_expression_42 - gene_ap__MIN","GNN_cnv_soft_expression_42 - gene_ap__MAX","GNN_expression_rnd_1 - gene_ap","GNN_expression_rnd_1 - gene_ap__MIN","GNN_expression_rnd_1 - gene_ap__MAX","GNN_expression_rnd_999 - gene_ap","GNN_expression_rnd_999 - gene_ap__MIN","GNN_expression_rnd_999 - gene_ap__MAX","GNN_expression_rnd_42 - gene_ap","GNN_expression_rnd_42 - gene_ap__MIN","GNN_expression_rnd_42 - gene_ap__MAX","GNN_cnv_rnd_1 - gene_ap","GNN_cnv_rnd_1 - gene_ap__MIN","GNN_cnv_rnd_1 - gene_ap__MAX","GNN_cnv_rnd_999 - gene_ap","GNN_cnv_rnd_999 - gene_ap__MIN","GNN_cnv_rnd_999 - gene_ap__MAX","GNN_cnv_rnd_42 - gene_ap","GNN_cnv_rnd_42 - gene_ap__MIN","GNN_cnv_rnd_42 - gene_ap__MAX","GNN_expression_cnv_1 - gene_ap","GNN_expression_cnv_1 - gene_ap__MIN","GNN_expression_cnv_1 - gene_ap__MAX","GNN_expression_cnv_999 - gene_ap","GNN_expression_cnv_999 - gene_ap__MIN","GNN_expression_cnv_999 - gene_ap__MAX","GNN_expression_cnv_42 - gene_ap","GNN_expression_cnv_42 - gene_ap__MIN","GNN_expression_cnv_42 - gene_ap__MAX","GNN_cnv_expression_1 - gene_ap","GNN_cnv_expression_1 - gene_ap__MIN","GNN_cnv_expression_1 - gene_ap__MAX","GNN_cnv_expression_999 - gene_ap","GNN_cnv_expression_999 - gene_ap__MIN","GNN_cnv_expression_999 - gene_ap__MAX","GNN_cnv_expression_42 - gene_ap","GNN_cnv_expression_42 - gene_ap__MIN","GNN_cnv_expression_42 - gene_ap__MAX","GNN_cnv_full_1 - gene_ap","GNN_cnv_full_1 - gene_ap__MIN","GNN_cnv_full_1 - gene_ap__MAX","GNN_cnv_full_999 - gene_ap","GNN_cnv_full_999 - gene_ap__MIN","GNN_cnv_full_999 - gene_ap__MAX","GNN_cnv_full_42 - gene_ap","GNN_cnv_full_42 - gene_ap__MIN","GNN_cnv_full_42 - gene_ap__MAX","GNN_expression_full_1 - gene_ap","GNN_expression_full_1 - gene_ap__MIN","GNN_expression_full_1 - gene_ap__MAX","GNN_expression_full_999 - gene_ap","GNN_expression_full_999 - gene_ap__MIN","GNN_expression_full_999 - gene_ap__MAX","GNN_expression_full_42 - gene_ap","GNN_expression_full_42 - gene_ap__MIN","GNN_expression_full_42 - gene_ap__MAX","GNN_cnv_soft_rnd_1 - gene_ap","GNN_cnv_soft_rnd_1 - gene_ap__MIN","GNN_cnv_soft_rnd_1 - gene_ap__MAX","GNN_cnv_soft_rnd_999 - gene_ap","GNN_cnv_soft_rnd_999 - gene_ap__MIN","GNN_cnv_soft_rnd_999 - gene_ap__MAX","GNN_cnv_soft_rnd_42 - gene_ap","GNN_cnv_soft_rnd_42 - gene_ap__MIN","GNN_cnv_soft_rnd_42 - gene_ap__MAX","GNN_cnv_soft_99 - gene_ap","GNN_cnv_soft_99 - gene_ap__MIN","GNN_cnv_soft_99 - gene_ap__MAX","GNN_cnv_soft_42 - gene_ap","GNN_cnv_soft_42 - gene_ap__MIN","GNN_cnv_soft_42 - gene_ap__MAX","GNN_cnv_soft_1 - gene_ap","GNN_cnv_soft_1 - gene_ap__MIN","GNN_cnv_soft_1 - gene_ap__MAX","GNN_expression_99 - gene_ap","GNN_expression_99 - gene_ap__MIN","GNN_expression_99 - gene_ap__MAX","GNN_expression_42 - gene_ap","GNN_expression_42 - gene_ap__MIN","GNN_expression_42 - gene_ap__MAX","GNN_expression_1 - gene_ap","GNN_expression_1 - gene_ap__MIN","GNN_expression_1 - gene_ap__MAX","GNN_cnv_99 - gene_ap","GNN_cnv_99 - gene_ap__MIN","GNN_cnv_99 - gene_ap__MAX","GNN_cnv_42 - gene_ap","GNN_cnv_42 - gene_ap__MIN","GNN_cnv_42 - gene_ap__MAX","GNN_cnv_1 - gene_ap","GNN_cnv_1 - gene_ap__MIN","GNN_cnv_1 - gene_ap__MAX"
"0","0.4419302724687528","0.4419302724687528","0.4419302724687528","0.43333821896147706","0.43333821896147706","0.43333821896147706","0.43576414138642844","0.43576414138642844","0.43576414138642844","0.43852188869201836","0.43852188869201836","0.43852188869201836","0.43182416001047885","0.43182416001047885","0.43182416001047885","0.43955323687483766","0.43955323687483766","0.43955323687483766","0.39629917311095897","0.39629917311095897","0.39629917311095897","0.3976682257969522","0.3976682257969522","0.3976682257969522","0.40137316357992164","0.40137316357992164","0.40137316357992164","0.3955753760377798","0.3955753760377798","0.3955753760377798","0.3933157386007619","0.3933157386007619","0.3933157386007619","0.3954364289617276","0.3954364289617276","0.3954364289617276","0.40917485406508897","0.40917485406508897","0.40917485406508897","0.4207531675807396","0.4207531675807396","0.4207531675807396","0.4110882738298085","0.4110882738298085","0.4110882738298085","0.41369718850497844","0.41369718850497844","0.41369718850497844","0.4179449861139473","0.4179449861139473","0.4179449861139473","0.4067035008750949","0.4067035008750949","0.4067035008750949","0.4343566159567635","0.4343566159567635","0.4343566159567635","0.45439864495582033","0.45439864495582033","0.45439864495582033","0.44504760389367753","0.44504760389367753","0.44504760389367753","0.4327608659155597","0.4327608659155597","0.4327608659155597","0.43339020011518764","0.43339020011518764","0.43339020011518764","0.4483909679143152","0.4483909679143152","0.4483909679143152","0.40006699808275803","0.40006699808275803","0.40006699808275803","0.4006698388019105","0.4006698388019105","0.4006698388019105","0.3968828339564041","0.3968828339564041","0.3968828339564041","0.43305075904071055","0.43305075904071055","0.43305075904071055","0.43781811655913994","0.43781811655913994","0.43781811655913994","0.43871991058597504","0.43871991058597504","0.43871991058597504","0.40457954203983754","0.40457954203983754","0.40457954203983754","0.3989244583596699","0.3989244583596699","0.3989244583596699","0.40927426854512106","0.40927426854512106","0.40927426854512106","0.43285884040840744","0.43285884040840744","0.43285884040840744","0.4330508324710374","0.4330508324710374","0.4330508324710374","0.4407468699550203","0.4407468699550203","0.4407468699550203"
"1","0.44688284813339857","0.44688284813339857","0.44688284813339857","0.44329282484927546","0.44329282484927546","0.44329282484927546","0.44006092694039123","0.44006092694039123","0.44006092694039123","0.451290939628871","0.451290939628871","0.451290939628871","0.43886467644344984","0.43886467644344984","0.43886467644344984","0.4413141221626653","0.4413141221626653","0.4413141221626653","0.4062111567241167","0.4062111567241167","0.4062111567241167","0.40598743832047685","0.40598743832047685","0.40598743832047685","0.4107473036848058","0.4107473036848058","0.4107473036848058","0.3989757547151576","0.3989757547151576","0.3989757547151576","0.39595641410943533","0.39595641410943533","0.39595641410943533","0.39485357729519344","0.39485357729519344","0.39485357729519344","0.4340505278824212","0.4340505278824212","0.4340505278824212","0.4407000227530873","0.4407000227530873","0.4407000227530873","0.43736899806796387","0.43736899806796387","0.43736899806796387","0.4312145223930563","0.4312145223930563","0.4312145223930563","0.44208226627037134","0.44208226627037134","0.44208226627037134","0.42144546806436134","0.42144546806436134","0.42144546806436134","0.474243416690011","0.474243416690011","0.474243416690011","0.45626643737390365","0.45626643737390365","0.45626643737390365","0.46832093580361656","0.46832093580361656","0.46832093580361656","0.42459018944824695","0.42459018944824695","0.42459018944824695","0.44441904287447","0.44441904287447","0.44441904287447","0.4416331261542939","0.4416331261542939","0.4416331261542939","0.4091469934668609","0.4091469934668609","0.4091469934668609","0.4116428422711037","0.4116428422711037","0.4116428422711037","0.4014412597038732","0.4014412597038732","0.4014412597038732","0.43914975619803287","0.43914975619803287","0.43914975619803287","0.4462398064732018","0.4462398064732018","0.4462398064732018","0.4594492644366721","0.4594492644366721","0.4594492644366721","0.412219129405749","0.412219129405749","0.412219129405749","0.41784143392088924","0.41784143392088924","0.41784143392088924","0.4273288715800011","0.4273288715800011","0.4273288715800011","0.45935463111082725","0.45935463111082725","0.45935463111082725","0.44621050975099413","0.44621050975099413","0.44621050975099413","0.43543419661407073","0.43543419661407073","0.43543419661407073"
"2","0.4521358179010502","0.4521358179010502","0.4521358179010502","0.4464070454726016","0.4464070454726016","0.4464070454726016","0.456808170741402","0.456808170741402","0.456808170741402","0.4614585250923213","0.4614585250923213","0.4614585250923213","0.4612255569445901","0.4612255569445901","0.4612255569445901","0.4498986554952834","0.4498986554952834","0.4498986554952834","0.4145841093450139","0.4145841093450139","0.4145841093450139","0.4063949563838778","0.4063949563838778","0.4063949563838778","0.42631617095286467","0.42631617095286467","0.42631617095286467","0.4035688664439246","0.4035688664439246","0.4035688664439246","0.39582509412782846","0.39582509412782846","0.39582509412782846","0.4041704923896004","0.4041704923896004","0.4041704923896004","0.4466104228747294","0.4466104228747294","0.4466104228747294","0.4514127726381167","0.4514127726381167","0.4514127726381167","0.44747616286858977","0.44747616286858977","0.44747616286858977","0.4545623857292667","0.4545623857292667","0.4545623857292667","0.44279361210091484","0.44279361210091484","0.44279361210091484","0.4601397538055908","0.4601397538055908","0.4601397538055908","0.4485007875738711","0.4485007875738711","0.4485007875738711","0.4566394390316184","0.4566394390316184","0.4566394390316184","0.4510396717935859","0.4510396717935859","0.4510396717935859","0.4351234978742498","0.4351234978742498","0.4351234978742498","0.4526846004971093","0.4526846004971093","0.4526846004971093","0.45314425728826924","0.45314425728826924","0.45314425728826924","0.4323948708402089","0.4323948708402089","0.4323948708402089","0.4502376709286926","0.4502376709286926","0.4502376709286926","0.4224267356015247","0.4224267356015247","0.4224267356015247","0.446075447433877","0.446075447433877","0.446075447433877","0.4510093383294664","0.4510093383294664","0.4510093383294664","0.4580791095954482","0.4580791095954482","0.4580791095954482","0.4382047487010332","0.4382047487010332","0.4382047487010332","0.4389331317259349","0.4389331317259349","0.4389331317259349","0.4439340609541609","0.4439340609541609","0.4439340609541609","0.4453388501178141","0.4453388501178141","0.4453388501178141","0.4393764988239552","0.4393764988239552","0.4393764988239552","0.4444595294526808","0.4444595294526808","0.4444595294526808"
"3","0.4707676041769759","0.4707676041769759","0.4707676041769759","0.4474881691702407","0.4474881691702407","0.4474881691702407","0.4606975122639698","0.4606975122639698","0.4606975122639698","0.4645383103611839","0.4645383103611839","0.4645383103611839","0.45165598546103486","0.45165598546103486","0.45165598546103486","0.4458964972008951","0.4458964972008951","0.4458964972008951","0.4330649280059639","0.4330649280059639","0.4330649280059639","0.42802223988198673","0.42802223988198673","0.42802223988198673","0.4410948525106985","0.4410948525106985","0.4410948525106985","0.4007798078889961","0.4007798078889961","0.4007798078889961","0.40098538621960716","0.40098538621960716","0.40098538621960716","0.4018794131688703","0.4018794131688703","0.4018794131688703","0.4506020415909448","0.4506020415909448","0.4506020415909448","0.44906570694344583","0.44906570694344583","0.44906570694344583","0.4732183374708321","0.4732183374708321","0.4732183374708321","0.4552560961378869","0.4552560961378869","0.4552560961378869","0.4574306029632208","0.4574306029632208","0.4574306029632208","0.45777859897395534","0.45777859897395534","0.45777859897395534","0.456674828482413","0.456674828482413","0.456674828482413","0.4612000645440914","0.4612000645440914","0.4612000645440914","0.48478868205991216","0.48478868205991216","0.48478868205991216","0.4848680396563363","0.4848680396563363","0.4848680396563363","0.4608421068532503","0.4608421068532503","0.4608421068532503","0.45716030836631905","0.45716030836631905","0.45716030836631905","0.46223046581184946","0.46223046581184946","0.46223046581184946","0.4445947187120894","0.4445947187120894","0.4445947187120894","0.45072563017387757","0.45072563017387757","0.45072563017387757","0.4523397077414498","0.4523397077414498","0.4523397077414498","0.43371949553243955","0.43371949553243955","0.43371949553243955","0.46423872098824864","0.46423872098824864","0.46423872098824864","0.44853542135109464","0.44853542135109464","0.44853542135109464","0.4593427875610722","0.4593427875610722","0.4593427875610722","0.4526084980346365","0.4526084980346365","0.4526084980346365","0.4458542191080599","0.4458542191080599","0.4458542191080599","0.4451993464639828","0.4451993464639828","0.4451993464639828","0.4436648248400955","0.4436648248400955","0.4436648248400955"
"4","0.490767800238656","0.490767800238656","0.490767800238656","0.4575720418612599","0.4575720418612599","0.4575720418612599","0.46136109319618446","0.46136109319618446","0.46136109319618446","0.46513373954769677","0.46513373954769677","0.46513373954769677","0.4681292810630818","0.4681292810630818","0.4681292810630818","0.463504142256384","0.463504142256384","0.463504142256384","0.4676518981525892","0.4676518981525892","0.4676518981525892","0.4739665737690628","0.4739665737690628","0.4739665737690628","0.45405580049416316","0.45405580049416316","0.45405580049416316","0.4100869947283635","0.4100869947283635","0.4100869947283635","0.400983378384193","0.400983378384193","0.400983378384193","0.407523898980145","0.407523898980145","0.407523898980145","0.4469673907960022","0.4469673907960022","0.4469673907960022","0.46165035717195585","0.46165035717195585","0.46165035717195585","0.4708157144912115","0.4708157144912115","0.4708157144912115","0.4663523289139049","0.4663523289139049","0.4663523289139049","0.4641450252848558","0.4641450252848558","0.4641450252848558","0.46979996668291085","0.46979996668291085","0.46979996668291085","0.4560226478011453","0.4560226478011453","0.4560226478011453","0.46228678669481843","0.46228678669481843","0.46228678669481843","0.5007240697882511","0.5007240697882511","0.5007240697882511","0.44696878697877834","0.44696878697877834","0.44696878697877834","0.450162727792809","0.450162727792809","0.450162727792809","0.4728912287579943","0.4728912287579943","0.4728912287579943","0.4749468751873632","0.4749468751873632","0.4749468751873632","0.49763128493144626","0.49763128493144626","0.49763128493144626","0.46096218039707043","0.46096218039707043","0.46096218039707043","0.44324061973035794","0.44324061973035794","0.44324061973035794","0.4697517409623148","0.4697517409623148","0.4697517409623148","0.4743606418678951","0.4743606418678951","0.4743606418678951","0.4487344152983038","0.4487344152983038","0.4487344152983038","0.445211792084251","0.445211792084251","0.445211792084251","0.45068618747419703","0.45068618747419703","0.45068618747419703","0.4567270882011348","0.4567270882011348","0.4567270882011348","0.44480241632837125","0.44480241632837125","0.44480241632837125","0.4420441226315324","0.4420441226315324","0.4420441226315324"
"5","0.4779497018052809","0.4779497018052809","0.4779497018052809","0.47124464607791094","0.47124464607791094","0.47124464607791094","0.470009884053497","0.470009884053497","0.470009884053497","0.491859080840045","0.491859080840045","0.491859080840045","0.465350085085373","0.465350085085373","0.465350085085373","0.4661954779115501","0.4661954779115501","0.4661954779115501","0.47397099693280637","0.47397099693280637","0.47397099693280637","0.4587817852770058","0.4587817852770058","0.4587817852770058","0.46797362264768066","0.46797362264768066","0.46797362264768066","0.40529156110786946","0.40529156110786946","0.40529156110786946","0.4094548931871002","0.4094548931871002","0.4094548931871002","0.40889643937644476","0.40889643937644476","0.40889643937644476","0.45455402956535534","0.45455402956535534","0.45455402956535534","0.4697235675283491","0.4697235675283491","0.4697235675283491","0.4556517402911995","0.4556517402911995","0.4556517402911995","0.45756526595817953","0.45756526595817953","0.45756526595817953","0.46475735186931416","0.46475735186931416","0.46475735186931416","0.45860488756261647","0.45860488756261647","0.45860488756261647","0.46031887469278826","0.46031887469278826","0.46031887469278826","0.4566968565899093","0.4566968565899093","0.4566968565899093","0.511367816359012","0.511367816359012","0.511367816359012","0.49449512630554865","0.49449512630554865","0.49449512630554865","0.45324544729315147","0.45324544729315147","0.45324544729315147","0.46336849591863144","0.46336849591863144","0.46336849591863144","0.5022329892751459","0.5022329892751459","0.5022329892751459","0.48125656954385604","0.48125656954385604","0.48125656954385604","0.4693972561994266","0.4693972561994266","0.4693972561994266","0.47417447127345286","0.47417447127345286","0.47417447127345286","0.45674272839262814","0.45674272839262814","0.45674272839262814","0.4642466178517124","0.4642466178517124","0.4642466178517124","0.46375936412425095","0.46375936412425095","0.46375936412425095","0.46256616869795825","0.46256616869795825","0.46256616869795825","0.4694544386028239","0.4694544386028239","0.4694544386028239","0.44814272366871605","0.44814272366871605","0.44814272366871605","0.44963600474755433","0.44963600474755433","0.44963600474755433","0.4429294703782842","0.4429294703782842","0.4429294703782842"
"6","0.4930454667212406","0.4930454667212406","0.4930454667212406","0.46737302863133795","0.46737302863133795","0.46737302863133795","0.4627871264551278","0.4627871264551278","0.4627871264551278","0.4969480097720039","0.4969480097720039","0.4969480097720039","0.46260801035547683","0.46260801035547683","0.46260801035547683","0.46938071220193317","0.46938071220193317","0.46938071220193317","0.4720256482389032","0.4720256482389032","0.4720256482389032","0.4857542471780548","0.4857542471780548","0.4857542471780548","0.4665682447058335","0.4665682447058335","0.4665682447058335","0.4134529298892608","0.4134529298892608","0.4134529298892608","0.4109627039612589","0.4109627039612589","0.4109627039612589","0.41003249456265806","0.41003249456265806","0.41003249456265806","0.45614131999286367","0.45614131999286367","0.45614131999286367","0.4704168296275331","0.4704168296275331","0.4704168296275331","0.4626647781757844","0.4626647781757844","0.4626647781757844","0.46373738687429045","0.46373738687429045","0.46373738687429045","0.47043301278569133","0.47043301278569133","0.47043301278569133","0.46284045102465726","0.46284045102465726","0.46284045102465726","0.4674189480081859","0.4674189480081859","0.4674189480081859","0.46390504456689685","0.46390504456689685","0.46390504456689685","0.5089146619289968","0.5089146619289968","0.5089146619289968","0.4324516928473256","0.4324516928473256","0.4324516928473256","0.4419873322423587","0.4419873322423587","0.4419873322423587","0.45933220857337226","0.45933220857337226","0.45933220857337226","0.47077802801978913","0.47077802801978913","0.47077802801978913","0.49202551281041984","0.49202551281041984","0.49202551281041984","0.48190828797004653","0.48190828797004653","0.48190828797004653","0.4567202954094479","0.4567202954094479","0.4567202954094479","0.46088441036620126","0.46088441036620126","0.46088441036620126","0.46570823491390045","0.46570823491390045","0.46570823491390045","0.4557465066706496","0.4557465066706496","0.4557465066706496","0.465570013339617","0.465570013339617","0.465570013339617","0.4666119933419825","0.4666119933419825","0.4666119933419825","0.45964189527179217","0.45964189527179217","0.45964189527179217","0.45513281416185836","0.45513281416185836","0.45513281416185836","0.4631326819940946","0.4631326819940946","0.4631326819940946"
"7","0.4914802505194001","0.4914802505194001","0.4914802505194001","0.4871178811426241","0.4871178811426241","0.4871178811426241","0.47342976765082756","0.47342976765082756","0.47342976765082756","0.47903314921813983","0.47903314921813983","0.47903314921813983","0.47828932719762723","0.47828932719762723","0.47828932719762723","0.49492157438607587","0.49492157438607587","0.49492157438607587","0.4897271864015671","0.4897271864015671","0.4897271864015671","0.488155797910976","0.488155797910976","0.488155797910976","0.48575253904778526","0.48575253904778526","0.48575253904778526","0.43553769242154233","0.43553769242154233","0.43553769242154233","0.4114638337986792","0.4114638337986792","0.4114638337986792","0.409398004751913","0.409398004751913","0.409398004751913","0.47871924222000845","0.47871924222000845","0.47871924222000845","0.47558020992873445","0.47558020992873445","0.47558020992873445","0.47435871930244267","0.47435871930244267","0.47435871930244267","0.46911091554350415","0.46911091554350415","0.46911091554350415","0.4918195787080044","0.4918195787080044","0.4918195787080044","0.47340196512568955","0.47340196512568955","0.47340196512568955","0.49700656701851753","0.49700656701851753","0.49700656701851753","0.4722009441184352","0.4722009441184352","0.4722009441184352","0.49888300448344614","0.49888300448344614","0.49888300448344614","0.4560362239020854","0.4560362239020854","0.4560362239020854","0.44329876014479475","0.44329876014479475","0.44329876014479475","0.46113339810593196","0.46113339810593196","0.46113339810593196","0.4796490893755276","0.4796490893755276","0.4796490893755276","0.4660674241682134","0.4660674241682134","0.4660674241682134","0.4723278620496589","0.4723278620496589","0.4723278620496589","0.45742468555123916","0.45742468555123916","0.45742468555123916","0.4745868833557154","0.4745868833557154","0.4745868833557154","0.4643596629575731","0.4643596629575731","0.4643596629575731","0.4727846391769382","0.4727846391769382","0.4727846391769382","0.48659249253225756","0.48659249253225756","0.48659249253225756","0.4779669992848356","0.4779669992848356","0.4779669992848356","0.45552232533259607","0.45552232533259607","0.45552232533259607","0.46175126795527915","0.46175126795527915","0.46175126795527915","0.4526830942433537","0.4526830942433537","0.4526830942433537"
"8","0.5079585376013876","0.5079585376013876","0.5079585376013876","0.47083389955460253","0.47083389955460253","0.47083389955460253","0.48059515443669293","0.48059515443669293","0.48059515443669293","0.48714577298554335","0.48714577298554335","0.48714577298554335","0.47882006869254834","0.47882006869254834","0.47882006869254834","0.4833284505141356","0.4833284505141356","0.4833284505141356","0.48371364165884717","0.48371364165884717","0.48371364165884717","0.4696654891345889","0.4696654891345889","0.4696654891345889","0.5015866990002228","0.5015866990002228","0.5015866990002228","0.42700473596490995","0.42700473596490995","0.42700473596490995","0.4299064420924852","0.4299064420924852","0.4299064420924852","0.41555829908998876","0.41555829908998876","0.41555829908998876","0.47827279127945277","0.47827279127945277","0.47827279127945277","0.4805231426871969","0.4805231426871969","0.4805231426871969","0.4861954396325375","0.4861954396325375","0.4861954396325375","0.4744605667411952","0.4744605667411952","0.4744605667411952","0.4848117480487276","0.4848117480487276","0.4848117480487276","0.47644682714593956","0.47644682714593956","0.47644682714593956","0.4724341658116104","0.4724341658116104","0.4724341658116104","0.47507826200170533","0.47507826200170533","0.47507826200170533","0.5146938336655831","0.5146938336655831","0.5146938336655831","0.4643587993089416","0.4643587993089416","0.4643587993089416","0.4605475961540473","0.4605475961540473","0.4605475961540473","0.47576784044543985","0.47576784044543985","0.47576784044543985","0.4936731687112829","0.4936731687112829","0.4936731687112829","0.4750208514888517","0.4750208514888517","0.4750208514888517","0.4925511358056938","0.4925511358056938","0.4925511358056938","0.4773189235694284","0.4773189235694284","0.4773189235694284","0.4609927301197055","0.4609927301197055","0.4609927301197055","0.4876260313180674","0.4876260313180674","0.4876260313180674","0.4736254041529472","0.4736254041529472","0.4736254041529472","0.4765080260992441","0.4765080260992441","0.4765080260992441","0.47903165322882735","0.47903165322882735","0.47903165322882735","0.45108373894689363","0.45108373894689363","0.45108373894689363","0.4603369519251598","0.4603369519251598","0.4603369519251598","0.4572580750749181","0.4572580750749181","0.4572580750749181"
"9","0.4960408913891855","0.4960408913891855","0.4960408913891855","0.47712958742454104","0.47712958742454104","0.47712958742454104","0.47415795650384396","0.47415795650384396","0.47415795650384396","0.515702195943619","0.515702195943619","0.515702195943619","0.4960548413239504","0.4960548413239504","0.4960548413239504","0.4883132187020467","0.4883132187020467","0.4883132187020467","0.5116115535631285","0.5116115535631285","0.5116115535631285","0.4804773583071595","0.4804773583071595","0.4804773583071595","0.47546294974169084","0.47546294974169084","0.47546294974169084","0.4356323511311114","0.4356323511311114","0.4356323511311114","0.43036845028882875","0.43036845028882875","0.43036845028882875","0.4318124671599802","0.4318124671599802","0.4318124671599802","0.47446267780816814","0.47446267780816814","0.47446267780816814","0.49964790119284136","0.49964790119284136","0.49964790119284136","0.49680010428634386","0.49680010428634386","0.49680010428634386","0.5059326471426382","0.5059326471426382","0.5059326471426382","0.4880948345390096","0.4880948345390096","0.4880948345390096","0.4939746490756084","0.4939746490756084","0.4939746490756084","0.5000074663850558","0.5000074663850558","0.5000074663850558","0.4665866032224735","0.4665866032224735","0.4665866032224735","0.5157517810464185","0.5157517810464185","0.5157517810464185","0.48041444163737734","0.48041444163737734","0.48041444163737734","0.45683977093870837","0.45683977093870837","0.45683977093870837","0.47013112138884977","0.47013112138884977","0.47013112138884977","0.5109622604046703","0.5109622604046703","0.5109622604046703","0.5032698815585703","0.5032698815585703","0.5032698815585703","0.5051641970218249","0.5051641970218249","0.5051641970218249","0.4837693208043944","0.4837693208043944","0.4837693208043944","0.46472696987547013","0.46472696987547013","0.46472696987547013","0.5020818340657297","0.5020818340657297","0.5020818340657297","0.47320434875178674","0.47320434875178674","0.47320434875178674","0.47972449343647233","0.47972449343647233","0.47972449343647233","0.47309116204220547","0.47309116204220547","0.47309116204220547","0.46306626557565667","0.46306626557565667","0.46306626557565667","0.45540589440519963","0.45540589440519963","0.45540589440519963","0.4564088476164263","0.4564088476164263","0.4564088476164263"
"10","0.4972591191753958","0.4972591191753958","0.4972591191753958","0.48421885914864676","0.48421885914864676","0.48421885914864676","0.48216341407535673","0.48216341407535673","0.48216341407535673","0.5324848967915048","0.5324848967915048","0.5324848967915048","0.489767129663364","0.489767129663364","0.489767129663364","0.49653583285770586","0.49653583285770586","0.49653583285770586","0.5024235994801631","0.5024235994801631","0.5024235994801631","0.4834276762045825","0.4834276762045825","0.4834276762045825","0.5042503849036293","0.5042503849036293","0.5042503849036293","0.44805241985682975","0.44805241985682975","0.44805241985682975","0.431930796239377","0.431930796239377","0.431930796239377","0.4514501377695745","0.4514501377695745","0.4514501377695745","0.4670987941927791","0.4670987941927791","0.4670987941927791","0.501670096484229","0.501670096484229","0.501670096484229","0.49570232183238677","0.49570232183238677","0.49570232183238677","0.4762475804772257","0.4762475804772257","0.4762475804772257","0.5245180310599553","0.5245180310599553","0.5245180310599553","0.48382293313607827","0.48382293313607827","0.48382293313607827","0.5378198894853053","0.5378198894853053","0.5378198894853053","0.48223145388366273","0.48223145388366273","0.48223145388366273","0.49288230392562227","0.49288230392562227","0.49288230392562227","0.4909362549534768","0.4909362549534768","0.4909362549534768","0.45942844154141804","0.45942844154141804","0.45942844154141804","0.45091902620948066","0.45091902620948066","0.45091902620948066","0.5233201705573751","0.5233201705573751","0.5233201705573751","0.48294360623953425","0.48294360623953425","0.48294360623953425","0.49038304939704364","0.49038304939704364","0.49038304939704364","0.4969267793323537","0.4969267793323537","0.4969267793323537","0.47204782689127417","0.47204782689127417","0.47204782689127417","0.4738468968062839","0.4738468968062839","0.4738468968062839","0.4807362438267796","0.4807362438267796","0.4807362438267796","0.47863056577810653","0.47863056577810653","0.47863056577810653","0.503320850331555","0.503320850331555","0.503320850331555","0.46283641342119897","0.46283641342119897","0.46283641342119897","0.47740993224615147","0.47740993224615147","0.47740993224615147","0.47375393450549547","0.47375393450549547","0.47375393450549547"
"11","0.5091186722739584","0.5091186722739584","0.5091186722739584","0.5017138890566337","0.5017138890566337","0.5017138890566337","0.4781447922712568","0.4781447922712568","0.4781447922712568","0.555258012161038","0.555258012161038","0.555258012161038","0.4850123722289695","0.4850123722289695","0.4850123722289695","0.5123344056937906","0.5123344056937906","0.5123344056937906","0.5059258366705193","0.5059258366705193","0.5059258366705193","0.5202718836628832","0.5202718836628832","0.5202718836628832","0.5253675277362639","0.5253675277362639","0.5253675277362639","0.45178430054801105","0.45178430054801105","0.45178430054801105","0.4403407269800009","0.4403407269800009","0.4403407269800009","0.43913380303298777","0.43913380303298777","0.43913380303298777","0.48385605230146966","0.48385605230146966","0.48385605230146966","0.49952118932294354","0.49952118932294354","0.49952118932294354","0.48555720850577916","0.48555720850577916","0.48555720850577916","0.459445022299434","0.459445022299434","0.459445022299434","0.5151412608543562","0.5151412608543562","0.5151412608543562","0.49397179672175073","0.49397179672175073","0.49397179672175073","0.5125051171819895","0.5125051171819895","0.5125051171819895","0.4730778281175507","0.4730778281175507","0.4730778281175507","0.5244144005951256","0.5244144005951256","0.5244144005951256","0.4820392134156293","0.4820392134156293","0.4820392134156293","0.46080056862266494","0.46080056862266494","0.46080056862266494","0.473440150803678","0.473440150803678","0.473440150803678","0.524139549772704","0.524139549772704","0.524139549772704","0.521289854679762","0.521289854679762","0.521289854679762","0.5225003556928892","0.5225003556928892","0.5225003556928892","0.4933643229484869","0.4933643229484869","0.4933643229484869","0.49779963290493645","0.49779963290493645","0.49779963290493645","0.4920162894553268","0.4920162894553268","0.4920162894553268","0.4928921461635636","0.4928921461635636","0.4928921461635636","0.48466213995302554","0.48466213995302554","0.48466213995302554","0.5032518022066367","0.5032518022066367","0.5032518022066367","0.4742594681876218","0.4742594681876218","0.4742594681876218","0.4623180582406091","0.4623180582406091","0.4623180582406091","0.46644072896216376","0.46644072896216376","0.46644072896216376"
"12","0.5216611079360601","0.5216611079360601","0.5216611079360601","0.5017934185079215","0.5017934185079215","0.5017934185079215","0.48191148970759257","0.48191148970759257","0.48191148970759257","0.5297778101157974","0.5297778101157974","0.5297778101157974","0.5038440919559497","0.5038440919559497","0.5038440919559497","0.5119447818498072","0.5119447818498072","0.5119447818498072","0.5007142365792839","0.5007142365792839","0.5007142365792839","0.5069499318661609","0.5069499318661609","0.5069499318661609","0.5017276167956172","0.5017276167956172","0.5017276167956172","0.46859467089264756","0.46859467089264756","0.46859467089264756","0.4605310779228365","0.4605310779228365","0.4605310779228365","0.45980438356532455","0.45980438356532455","0.45980438356532455","0.47535785805684067","0.47535785805684067","0.47535785805684067","0.5214277011419228","0.5214277011419228","0.5214277011419228","0.5235203154471758","0.5235203154471758","0.5235203154471758","0.49305732372176597","0.49305732372176597","0.49305732372176597","0.5103175696585331","0.5103175696585331","0.5103175696585331","0.4776715663733155","0.4776715663733155","0.4776715663733155","0.5132279110455018","0.5132279110455018","0.5132279110455018","0.4749568076756806","0.4749568076756806","0.4749568076756806","0.5204032368074964","0.5204032368074964","0.5204032368074964","0.5013220619465765","0.5013220619465765","0.5013220619465765","0.4491962708450751","0.4491962708450751","0.4491962708450751","0.4682344023530555","0.4682344023530555","0.4682344023530555","0.49898040871546606","0.49898040871546606","0.49898040871546606","0.5428737047946155","0.5428737047946155","0.5428737047946155","0.5070464308165241","0.5070464308165241","0.5070464308165241","0.4880788059723452","0.4880788059723452","0.4880788059723452","0.4870588488254895","0.4870588488254895","0.4870588488254895","0.4906639368894924","0.4906639368894924","0.4906639368894924","0.5054432285558297","0.5054432285558297","0.5054432285558297","0.4947078156159426","0.4947078156159426","0.4947078156159426","0.4856196382783658","0.4856196382783658","0.4856196382783658","0.46359452187161104","0.46359452187161104","0.46359452187161104","0.46714734092573174","0.46714734092573174","0.46714734092573174","0.4583287254489753","0.4583287254489753","0.4583287254489753"
"13","0.5282934225825138","0.5282934225825138","0.5282934225825138","0.49586089384615817","0.49586089384615817","0.49586089384615817","0.5038876844915825","0.5038876844915825","0.5038876844915825","0.5624252649170777","0.5624252649170777","0.5624252649170777","0.4936993079004995","0.4936993079004995","0.4936993079004995","0.5012409523888677","0.5012409523888677","0.5012409523888677","0.49701493508695044","0.49701493508695044","0.49701493508695044","0.5250614519122982","0.5250614519122982","0.5250614519122982","0.5264882111566287","0.5264882111566287","0.5264882111566287","0.49215810576812796","0.49215810576812796","0.49215810576812796","0.47222629632482804","0.47222629632482804","0.47222629632482804","0.46213170573164225","0.46213170573164225","0.46213170573164225","0.4875592600649894","0.4875592600649894","0.4875592600649894","0.5253460254224122","0.5253460254224122","0.5253460254224122","0.5059895266383205","0.5059895266383205","0.5059895266383205","0.5133428180873567","0.5133428180873567","0.5133428180873567","0.5335033595396697","0.5335033595396697","0.5335033595396697","0.48351969340328327","0.48351969340328327","0.48351969340328327","0.5038350492105373","0.5038350492105373","0.5038350492105373","0.4756390700163121","0.4756390700163121","0.4756390700163121","0.5196770691357386","0.5196770691357386","0.5196770691357386","0.5142227504817113","0.5142227504817113","0.5142227504817113","0.4608715981827133","0.4608715981827133","0.4608715981827133","0.4783284278039507","0.4783284278039507","0.4783284278039507","0.5456901604468145","0.5456901604468145","0.5456901604468145","0.553154884126254","0.553154884126254","0.553154884126254","0.5010006701040014","0.5010006701040014","0.5010006701040014","0.48308741884652523","0.48308741884652523","0.48308741884652523","0.4863958863504147","0.4863958863504147","0.4863958863504147","0.5040755336140005","0.5040755336140005","0.5040755336140005","0.531981862631055","0.531981862631055","0.531981862631055","0.4950107860948638","0.4950107860948638","0.4950107860948638","0.4929654923242862","0.4929654923242862","0.4929654923242862","0.48481605687423057","0.48481605687423057","0.48481605687423057","0.4811410885936856","0.4811410885936856","0.4811410885936856","0.46300623472434443","0.46300623472434443","0.46300623472434443"
"14","0.5492749404936121","0.5492749404936121","0.5492749404936121","0.4956355667940229","0.4956355667940229","0.4956355667940229","0.5121008052959403","0.5121008052959403","0.5121008052959403","0.5608846705040695","0.5608846705040695","0.5608846705040695","0.5062469611865922","0.5062469611865922","0.5062469611865922","0.52288691257573","0.52288691257573","0.52288691257573","0.5336779170438086","0.5336779170438086","0.5336779170438086","0.5144169894479032","0.5144169894479032","0.5144169894479032","0.5143690750255878","0.5143690750255878","0.5143690750255878","0.47057795926322055","0.47057795926322055","0.47057795926322055","0.47730331157950695","0.47730331157950695","0.47730331157950695","0.49163276223969804","0.49163276223969804","0.49163276223969804","0.48542802831452375","0.48542802831452375","0.48542802831452375","0.5089651941781684","0.5089651941781684","0.5089651941781684","0.5352784381989362","0.5352784381989362","0.5352784381989362","0.5109208667209866","0.5109208667209866","0.5109208667209866","0.5108750619260487","0.5108750619260487","0.5108750619260487","0.50724599028463","0.50724599028463","0.50724599028463","0.5192026012966509","0.5192026012966509","0.5192026012966509","0.46610347739293345","0.46610347739293345","0.46610347739293345","0.5007665497948136","0.5007665497948136","0.5007665497948136","0.4835502876169968","0.4835502876169968","0.4835502876169968","0.45246723534291144","0.45246723534291144","0.45246723534291144","0.4777013243234132","0.4777013243234132","0.4777013243234132","0.5438429665711372","0.5438429665711372","0.5438429665711372","0.5464189534918544","0.5464189534918544","0.5464189534918544","0.523536646383958","0.523536646383958","0.523536646383958","0.4957010435855885","0.4957010435855885","0.4957010435855885","0.4935655861145419","0.4935655861145419","0.4935655861145419","0.48980515654445306","0.48980515654445306","0.48980515654445306","0.5067805907704811","0.5067805907704811","0.5067805907704811","0.5014068991530225","0.5014068991530225","0.5014068991530225","0.48776920042963107","0.48776920042963107","0.48776920042963107","0.4970346991771589","0.4970346991771589","0.4970346991771589","0.47950991919847485","0.47950991919847485","0.47950991919847485","0.4765207578936579","0.4765207578936579","0.4765207578936579"
"15","0.5769759692123804","0.5769759692123804","0.5769759692123804","0.521959964833413","0.521959964833413","0.521959964833413","0.5069318402311294","0.5069318402311294","0.5069318402311294","0.5729799611403302","0.5729799611403302","0.5729799611403302","0.5153815232953441","0.5153815232953441","0.5153815232953441","0.5197359240204718","0.5197359240204718","0.5197359240204718","0.5384559438425938","0.5384559438425938","0.5384559438425938","0.537328076462189","0.537328076462189","0.537328076462189","0.5203511489126723","0.5203511489126723","0.5203511489126723","0.4915168117965003","0.4915168117965003","0.4915168117965003","0.4609463305960404","0.4609463305960404","0.4609463305960404","0.4707500821292269","0.4707500821292269","0.4707500821292269","0.4992749998396539","0.4992749998396539","0.4992749998396539","0.5535286908353284","0.5535286908353284","0.5535286908353284","0.5125361029314516","0.5125361029314516","0.5125361029314516","0.4975543332701784","0.4975543332701784","0.4975543332701784","0.527578102360662","0.527578102360662","0.527578102360662","0.4919356857241707","0.4919356857241707","0.4919356857241707","0.5336669325786505","0.5336669325786505","0.5336669325786505","0.48594634560333044","0.48594634560333044","0.48594634560333044","0.5075500733627575","0.5075500733627575","0.5075500733627575","0.5143306058599703","0.5143306058599703","0.5143306058599703","0.4612235101661423","0.4612235101661423","0.4612235101661423","0.46747136325165817","0.46747136325165817","0.46747136325165817","0.5344579942778098","0.5344579942778098","0.5344579942778098","0.5346025511133881","0.5346025511133881","0.5346025511133881","0.5487179606493988","0.5487179606493988","0.5487179606493988","0.49202159511545035","0.49202159511545035","0.49202159511545035","0.49733704287532615","0.49733704287532615","0.49733704287532615","0.4980498882655057","0.4980498882655057","0.4980498882655057","0.5096417471752576","0.5096417471752576","0.5096417471752576","0.5100632208180949","0.5100632208180949","0.5100632208180949","0.5064839109696828","0.5064839109696828","0.5064839109696828","0.47502801925545834","0.47502801925545834","0.47502801925545834","0.47463209303548587","0.47463209303548587","0.47463209303548587","0.4864092728766687","0.4864092728766687","0.4864092728766687"
"16","0.548212759347213","0.548212759347213","0.548212759347213","0.49627420106732645","0.49627420106732645","0.49627420106732645","0.5073586293043841","0.5073586293043841","0.5073586293043841","0.5888981723536196","0.5888981723536196","0.5888981723536196","0.5067252266003904","0.5067252266003904","0.5067252266003904","0.5334882847207307","0.5334882847207307","0.5334882847207307","0.5644075339991669","0.5644075339991669","0.5644075339991669","0.5490434708456928","0.5490434708456928","0.5490434708456928","0.5229526334249137","0.5229526334249137","0.5229526334249137","0.5030626676693636","0.5030626676693636","0.5030626676693636","0.4884787504844593","0.4884787504844593","0.4884787504844593","0.4620610408429084","0.4620610408429084","0.4620610408429084","0.4969808907627832","0.4969808907627832","0.4969808907627832","0.5287324746953531","0.5287324746953531","0.5287324746953531","0.5103942652471208","0.5103942652471208","0.5103942652471208","0.5125995836227518","0.5125995836227518","0.5125995836227518","0.5445539157737793","0.5445539157737793","0.5445539157737793","0.5009608832503109","0.5009608832503109","0.5009608832503109","0.5279986019280137","0.5279986019280137","0.5279986019280137","0.47367032167940826","0.47367032167940826","0.47367032167940826","0.5293956881063343","0.5293956881063343","0.5293956881063343","0.4987152422965782","0.4987152422965782","0.4987152422965782","0.45340530968936626","0.45340530968936626","0.45340530968936626","0.46575616045491586","0.46575616045491586","0.46575616045491586","0.548671558238191","0.548671558238191","0.548671558238191","0.5571044218548454","0.5571044218548454","0.5571044218548454","0.5243422287174353","0.5243422287174353","0.5243422287174353","0.5517378639086591","0.5517378639086591","0.5517378639086591","0.4970789474155622","0.4970789474155622","0.4970789474155622","0.5590935353648601","0.5590935353648601","0.5590935353648601","0.5232325594932881","0.5232325594932881","0.5232325594932881","0.5153731052003941","0.5153731052003941","0.5153731052003941","0.5224164151525365","0.5224164151525365","0.5224164151525365","0.49104198062972965","0.49104198062972965","0.49104198062972965","0.4964336883714839","0.4964336883714839","0.4964336883714839","0.4877674011162267","0.4877674011162267","0.4877674011162267"
"17","0.5609433164268476","0.5609433164268476","0.5609433164268476","0.5257653368349756","0.5257653368349756","0.5257653368349756","0.5220778310043716","0.5220778310043716","0.5220778310043716","0.5951286257951226","0.5951286257951226","0.5951286257951226","0.522088997324812","0.522088997324812","0.522088997324812","0.5360506833440211","0.5360506833440211","0.5360506833440211","0.5529413297325073","0.5529413297325073","0.5529413297325073","0.5438237621442127","0.5438237621442127","0.5438237621442127","0.558930769466418","0.558930769466418","0.558930769466418","0.49008653799800267","0.49008653799800267","0.49008653799800267","0.47763351552608574","0.47763351552608574","0.47763351552608574","0.5090493545358576","0.5090493545358576","0.5090493545358576","0.4987392770417767","0.4987392770417767","0.4987392770417767","0.563025750718553","0.563025750718553","0.563025750718553","0.5357564222217752","0.5357564222217752","0.5357564222217752","0.508307661295461","0.508307661295461","0.508307661295461","0.5728528945945158","0.5728528945945158","0.5728528945945158","0.5255184773121184","0.5255184773121184","0.5255184773121184","0.5587948808467265","0.5587948808467265","0.5587948808467265","0.4797230821383397","0.4797230821383397","0.4797230821383397","0.5429198761868211","0.5429198761868211","0.5429198761868211","0.5139173018860714","0.5139173018860714","0.5139173018860714","0.47329990167668573","0.47329990167668573","0.47329990167668573","0.46278784448489335","0.46278784448489335","0.46278784448489335","0.5493499693887905","0.5493499693887905","0.5493499693887905","0.5352372548759593","0.5352372548759593","0.5352372548759593","0.5324984179143649","0.5324984179143649","0.5324984179143649","0.5107675116019079","0.5107675116019079","0.5107675116019079","0.5073110504457358","0.5073110504457358","0.5073110504457358","0.5366076204481155","0.5366076204481155","0.5366076204481155","0.49988613507616286","0.49988613507616286","0.49988613507616286","0.5315161923399493","0.5315161923399493","0.5315161923399493","0.5282775445428534","0.5282775445428534","0.5282775445428534","0.47731692975565093","0.47731692975565093","0.47731692975565093","0.4850942907497461","0.4850942907497461","0.4850942907497461","0.4906610610778686","0.4906610610778686","0.4906610610778686"
"18","0.570712168961756","0.570712168961756","0.570712168961756","0.5215118635313664","0.5215118635313664","0.5215118635313664","0.5459383623264876","0.5459383623264876","0.5459383623264876","0.6119618642162452","0.6119618642162452","0.6119618642162452","0.5294751969317569","0.5294751969317569","0.5294751969317569","0.5473773576155324","0.5473773576155324","0.5473773576155324","0.5488349915350008","0.5488349915350008","0.5488349915350008","0.5215123495994928","0.5215123495994928","0.5215123495994928","0.5270909962074207","0.5270909962074207","0.5270909962074207","0.4982518109515505","0.4982518109515505","0.4982518109515505","0.4907447690204024","0.4907447690204024","0.4907447690204024","0.49154989004603905","0.49154989004603905","0.49154989004603905","0.4983798902908547","0.4983798902908547","0.4983798902908547","0.5465158783932677","0.5465158783932677","0.5465158783932677","0.5407835928582145","0.5407835928582145","0.5407835928582145","0.5361619709857898","0.5361619709857898","0.5361619709857898","0.5330841892576968","0.5330841892576968","0.5330841892576968","0.5314546610507299","0.5314546610507299","0.5314546610507299","0.5824972577986856","0.5824972577986856","0.5824972577986856","0.47922135446293646","0.47922135446293646","0.47922135446293646","0.5241657132924524","0.5241657132924524","0.5241657132924524","0.5306700236783989","0.5306700236783989","0.5306700236783989","0.4724772095952923","0.4724772095952923","0.4724772095952923","0.47505388593326986","0.47505388593326986","0.47505388593326986","0.5447648516621096","0.5447648516621096","0.5447648516621096","0.537270316357527","0.537270316357527","0.537270316357527","0.5370589045362858","0.5370589045362858","0.5370589045362858","0.5589162207421464","0.5589162207421464","0.5589162207421464","0.5179675428165664","0.5179675428165664","0.5179675428165664","0.5348248150908924","0.5348248150908924","0.5348248150908924","0.5338225391281619","0.5338225391281619","0.5338225391281619","0.523845755617025","0.523845755617025","0.523845755617025","0.5187830653123805","0.5187830653123805","0.5187830653123805","0.5007738463668672","0.5007738463668672","0.5007738463668672","0.4950003126470834","0.4950003126470834","0.4950003126470834","0.4885532781760545","0.4885532781760545","0.4885532781760545"
"19","0.5777744230260409","0.5777744230260409","0.5777744230260409","0.5161687334580977","0.5161687334580977","0.5161687334580977","0.5420370119426724","0.5420370119426724","0.5420370119426724","0.6128172074550118","0.6128172074550118","0.6128172074550118","0.5417779492364894","0.5417779492364894","0.5417779492364894","0.5325559610999298","0.5325559610999298","0.5325559610999298","0.5342595258824752","0.5342595258824752","0.5342595258824752","0.5613748932751177","0.5613748932751177","0.5613748932751177","0.5425288288505169","0.5425288288505169","0.5425288288505169","0.5036214520122076","0.5036214520122076","0.5036214520122076","0.5215890098451265","0.5215890098451265","0.5215890098451265","0.49099539225400946","0.49099539225400946","0.49099539225400946","0.5329034812653398","0.5329034812653398","0.5329034812653398","0.5571246584500629","0.5571246584500629","0.5571246584500629","0.525841077934215","0.525841077934215","0.525841077934215","0.5375341636876297","0.5375341636876297","0.5375341636876297","0.5604349646059112","0.5604349646059112","0.5604349646059112","0.5102972725818844","0.5102972725818844","0.5102972725818844","0.5625986868794415","0.5625986868794415","0.5625986868794415","0.49277798524835165","0.49277798524835165","0.49277798524835165","0.5358073998235231","0.5358073998235231","0.5358073998235231","0.509648297453798","0.509648297453798","0.509648297453798","0.4571539948824607","0.4571539948824607","0.4571539948824607","0.47819727791853744","0.47819727791853744","0.47819727791853744","0.5527278112980142","0.5527278112980142","0.5527278112980142","0.5510329069581604","0.5510329069581604","0.5510329069581604","0.5579724252688474","0.5579724252688474","0.5579724252688474","0.5366959230021837","0.5366959230021837","0.5366959230021837","0.5256726959877354","0.5256726959877354","0.5256726959877354","0.5270675461193545","0.5270675461193545","0.5270675461193545","0.5250633964739476","0.5250633964739476","0.5250633964739476","0.5497673776438154","0.5497673776438154","0.5497673776438154","0.5205530293106199","0.5205530293106199","0.5205530293106199","0.4915542348732375","0.4915542348732375","0.4915542348732375","0.4985823820534024","0.4985823820534024","0.4985823820534024","0.5021245188566059","0.5021245188566059","0.5021245188566059"
"20","0.5544986303485687","0.5544986303485687","0.5544986303485687","0.5182386856220035","0.5182386856220035","0.5182386856220035","0.5415935958091287","0.5415935958091287","0.5415935958091287","0.6123890141066333","0.6123890141066333","0.6123890141066333","0.5463389261210201","0.5463389261210201","0.5463389261210201","0.5148517752990082","0.5148517752990082","0.5148517752990082","0.5393303381423858","0.5393303381423858","0.5393303381423858","0.572615955362419","0.572615955362419","0.572615955362419","0.5576906377049818","0.5576906377049818","0.5576906377049818","0.5061839744945492","0.5061839744945492","0.5061839744945492","0.5138092041833093","0.5138092041833093","0.5138092041833093","0.4998183571458071","0.4998183571458071","0.4998183571458071","0.5166373912161379","0.5166373912161379","0.5166373912161379","0.5465741347546494","0.5465741347546494","0.5465741347546494","0.5516963058172494","0.5516963058172494","0.5516963058172494","0.5706665644392622","0.5706665644392622","0.5706665644392622","0.5756722166346785","0.5756722166346785","0.5756722166346785","0.5641512452312382","0.5641512452312382","0.5641512452312382","0.5834748843525469","0.5834748843525469","0.5834748843525469","0.49826455462031255","0.49826455462031255","0.49826455462031255","0.5125669647016468","0.5125669647016468","0.5125669647016468","0.5226965333913463","0.5226965333913463","0.5226965333913463","0.4666033583310532","0.4666033583310532","0.4666033583310532","0.45322655145181606","0.45322655145181606","0.45322655145181606","0.5846814071789914","0.5846814071789914","0.5846814071789914","0.5981325273617265","0.5981325273617265","0.5981325273617265","0.563173523470656","0.563173523470656","0.563173523470656","0.5543441640889687","0.5543441640889687","0.5543441640889687","0.5038436525930636","0.5038436525930636","0.5038436525930636","0.5534287134628376","0.5534287134628376","0.5534287134628376","0.5352404041477554","0.5352404041477554","0.5352404041477554","0.5456387489752074","0.5456387489752074","0.5456387489752074","0.5239092840721872","0.5239092840721872","0.5239092840721872","0.4997494269414281","0.4997494269414281","0.4997494269414281","0.5035300339609042","0.5035300339609042","0.5035300339609042","0.5013687940414366","0.5013687940414366","0.5013687940414366"
"21","0.5699591828417098","0.5699591828417098","0.5699591828417098","0.5298513358766542","0.5298513358766542","0.5298513358766542","0.5410933097001129","0.5410933097001129","0.5410933097001129","0.6420415771434828","0.6420415771434828","0.6420415771434828","0.5308482645159643","0.5308482645159643","0.5308482645159643","0.5468909668158963","0.5468909668158963","0.5468909668158963","0.5576257324379067","0.5576257324379067","0.5576257324379067","0.5773753738246626","0.5773753738246626","0.5773753738246626","0.552652981320648","0.552652981320648","0.552652981320648","0.5221479254390646","0.5221479254390646","0.5221479254390646","0.5081735976038343","0.5081735976038343","0.5081735976038343","0.5233613334456314","0.5233613334456314","0.5233613334456314","0.5249750594253472","0.5249750594253472","0.5249750594253472","0.5487284235251138","0.5487284235251138","0.5487284235251138","0.5578702261944366","0.5578702261944366","0.5578702261944366","0.5297566906621612","0.5297566906621612","0.5297566906621612","0.565559341362794","0.565559341362794","0.565559341362794","0.5355034749085438","0.5355034749085438","0.5355034749085438","0.5714850716777472","0.5714850716777472","0.5714850716777472","0.48742514590021074","0.48742514590021074","0.48742514590021074","0.5552011712404539","0.5552011712404539","0.5552011712404539","0.5438209960173966","0.5438209960173966","0.5438209960173966","0.4629039294758569","0.4629039294758569","0.4629039294758569","0.47780621596353773","0.47780621596353773","0.47780621596353773","0.6047964133699801","0.6047964133699801","0.6047964133699801","0.558593798050522","0.558593798050522","0.558593798050522","0.5630434630956644","0.5630434630956644","0.5630434630956644","0.5941975054649966","0.5941975054649966","0.5941975054649966","0.5643907759971575","0.5643907759971575","0.5643907759971575","0.5314976904899823","0.5314976904899823","0.5314976904899823","0.5489529251424365","0.5489529251424365","0.5489529251424365","0.531209205639422","0.531209205639422","0.531209205639422","0.5510341322386957","0.5510341322386957","0.5510341322386957","0.5142513413874684","0.5142513413874684","0.5142513413874684","0.5059390856496228","0.5059390856496228","0.5059390856496228","0.498316724110464","0.498316724110464","0.498316724110464"
"22","0.5867220159027137","0.5867220159027137","0.5867220159027137","0.5323545070673605","0.5323545070673605","0.5323545070673605","0.5579429688408762","0.5579429688408762","0.5579429688408762","0.6292424391237861","0.6292424391237861","0.6292424391237861","0.5401757415773758","0.5401757415773758","0.5401757415773758","0.5518911900465129","0.5518911900465129","0.5518911900465129","0.5828234466036495","0.5828234466036495","0.5828234466036495","0.5848985401754347","0.5848985401754347","0.5848985401754347","0.5328673324466483","0.5328673324466483","0.5328673324466483","0.530714926993105","0.530714926993105","0.530714926993105","0.5055412880866401","0.5055412880866401","0.5055412880866401","0.5100065143859326","0.5100065143859326","0.5100065143859326","0.5272564307364468","0.5272564307364468","0.5272564307364468","0.5710901863250804","0.5710901863250804","0.5710901863250804","0.5541535880140416","0.5541535880140416","0.5541535880140416","0.573036215131072","0.573036215131072","0.573036215131072","0.5489085337114994","0.5489085337114994","0.5489085337114994","0.5535916994356199","0.5535916994356199","0.5535916994356199","0.5695362328882573","0.5695362328882573","0.5695362328882573","0.48684298766254547","0.48684298766254547","0.48684298766254547","0.5528144263574356","0.5528144263574356","0.5528144263574356","0.5314927948494036","0.5314927948494036","0.5314927948494036","0.4686602582789633","0.4686602582789633","0.4686602582789633","0.4713055430177388","0.4713055430177388","0.4713055430177388","0.5614476274589637","0.5614476274589637","0.5614476274589637","0.578589512963557","0.578589512963557","0.578589512963557","0.5598793600419067","0.5598793600419067","0.5598793600419067","0.5548752189373148","0.5548752189373148","0.5548752189373148","0.5553702200913369","0.5553702200913369","0.5553702200913369","0.5934352755441207","0.5934352755441207","0.5934352755441207","0.5484680785684145","0.5484680785684145","0.5484680785684145","0.5738208096378714","0.5738208096378714","0.5738208096378714","0.5452010693669523","0.5452010693669523","0.5452010693669523","0.5225196319866804","0.5225196319866804","0.5225196319866804","0.5191408962238281","0.5191408962238281","0.5191408962238281","0.5227494314600702","0.5227494314600702","0.5227494314600702"
"23","0.5767032789525612","0.5767032789525612","0.5767032789525612","0.53198717813999","0.53198717813999","0.53198717813999","0.5448450421219908","0.5448450421219908","0.5448450421219908","0.6500851614723765","0.6500851614723765","0.6500851614723765","0.5648518820915714","0.5648518820915714","0.5648518820915714","0.5363094648692665","0.5363094648692665","0.5363094648692665","0.5434766091585409","0.5434766091585409","0.5434766091585409","0.5821282972260814","0.5821282972260814","0.5821282972260814","0.574061666168567","0.574061666168567","0.574061666168567","0.5261916697685008","0.5261916697685008","0.5261916697685008","0.508944443517891","0.508944443517891","0.508944443517891","0.5357941491776752","0.5357941491776752","0.5357941491776752","0.5376289014687272","0.5376289014687272","0.5376289014687272","0.6004107988433169","0.6004107988433169","0.6004107988433169","0.5753756696098951","0.5753756696098951","0.5753756696098951","0.5400499981966949","0.5400499981966949","0.5400499981966949","0.6067788027433815","0.6067788027433815","0.6067788027433815","0.5411832103642141","0.5411832103642141","0.5411832103642141","0.5650611676648438","0.5650611676648438","0.5650611676648438","0.4927304866296956","0.4927304866296956","0.4927304866296956","0.5379774980911181","0.5379774980911181","0.5379774980911181","0.5753786427371872","0.5753786427371872","0.5753786427371872","0.483556291918292","0.483556291918292","0.483556291918292","0.46836900971312867","0.46836900971312867","0.46836900971312867","0.5833721777973562","0.5833721777973562","0.5833721777973562","0.5868681332381799","0.5868681332381799","0.5868681332381799","0.5861463054026327","0.5861463054026327","0.5861463054026327","0.613445576834976","0.613445576834976","0.613445576834976","0.5574276726156333","0.5574276726156333","0.5574276726156333","0.5909105078100331","0.5909105078100331","0.5909105078100331","0.5207625275715918","0.5207625275715918","0.5207625275715918","0.5613633833041546","0.5613633833041546","0.5613633833041546","0.5292065725459576","0.5292065725459576","0.5292065725459576","0.540758097538867","0.540758097538867","0.540758097538867","0.5168308086845569","0.5168308086845569","0.5168308086845569","0.5301459750868875","0.5301459750868875","0.5301459750868875"
"24","0.5883723582693247","0.5883723582693247","0.5883723582693247","0.5489470168123914","0.5489470168123914","0.5489470168123914","0.5317175019403698","0.5317175019403698","0.5317175019403698","0.6418779306603862","0.6418779306603862","0.6418779306603862","0.561429909107431","0.561429909107431","0.561429909107431","0.552554782029879","0.552554782029879","0.552554782029879","0.5649143099909323","0.5649143099909323","0.5649143099909323","0.5701596412251092","0.5701596412251092","0.5701596412251092","0.5811535236843514","0.5811535236843514","0.5811535236843514","0.524041454000935","0.524041454000935","0.524041454000935","0.524444599430044","0.524444599430044","0.524444599430044","0.5298343350203144","0.5298343350203144","0.5298343350203144","0.5415225733696701","0.5415225733696701","0.5415225733696701","0.5799327924928488","0.5799327924928488","0.5799327924928488","0.5853794136557765","0.5853794136557765","0.5853794136557765","0.5688931671543959","0.5688931671543959","0.5688931671543959","0.5834187770142418","0.5834187770142418","0.5834187770142418","0.5410151713662674","0.5410151713662674","0.5410151713662674","0.5763258696269505","0.5763258696269505","0.5763258696269505","0.4799164127470518","0.4799164127470518","0.4799164127470518","0.5620692361037912","0.5620692361037912","0.5620692361037912","0.5286833587665254","0.5286833587665254","0.5286833587665254","0.47524054994998094","0.47524054994998094","0.47524054994998094","0.48091710119761943","0.48091710119761943","0.48091710119761943","0.625019013808573","0.625019013808573","0.625019013808573","0.5933744033965174","0.5933744033965174","0.5933744033965174","0.5601121100831187","0.5601121100831187","0.5601121100831187","0.5947326440368287","0.5947326440368287","0.5947326440368287","0.5472342194684552","0.5472342194684552","0.5472342194684552","0.6137739399519359","0.6137739399519359","0.6137739399519359","0.5539964199280861","0.5539964199280861","0.5539964199280861","0.5729229738829036","0.5729229738829036","0.5729229738829036","0.5298372087937472","0.5298372087937472","0.5298372087937472","0.5054409126526198","0.5054409126526198","0.5054409126526198","0.5157069943357245","0.5157069943357245","0.5157069943357245","0.5532197125851669","0.5532197125851669","0.5532197125851669"
"25","0.6182335714027875","0.6182335714027875","0.6182335714027875","0.5494617615061851","0.5494617615061851","0.5494617615061851","0.585824016764705","0.585824016764705","0.585824016764705","0.6481736131897458","0.6481736131897458","0.6481736131897458","0.5748489812686144","0.5748489812686144","0.5748489812686144","0.5834108021377394","0.5834108021377394","0.5834108021377394","0.5728168088601668","0.5728168088601668","0.5728168088601668","0.5730258425378463","0.5730258425378463","0.5730258425378463","0.578825578501854","0.578825578501854","0.578825578501854","0.5261741963705534","0.5261741963705534","0.5261741963705534","0.49144207883754953","0.49144207883754953","0.49144207883754953","0.5403890481734754","0.5403890481734754","0.5403890481734754","0.5549492540548392","0.5549492540548392","0.5549492540548392","0.584041701518613","0.584041701518613","0.584041701518613","0.5778240602343091","0.5778240602343091","0.5778240602343091","0.5681362185971028","0.5681362185971028","0.5681362185971028","0.5726480113826137","0.5726480113826137","0.5726480113826137","0.5874290330373804","0.5874290330373804","0.5874290330373804","0.6507566353012195","0.6507566353012195","0.6507566353012195","0.49936585535036776","0.49936585535036776","0.49936585535036776","0.5398396534037162","0.5398396534037162","0.5398396534037162","0.5768493368702076","0.5768493368702076","0.5768493368702076","0.4854079132046747","0.4854079132046747","0.4854079132046747","0.4802523882194898","0.4802523882194898","0.4802523882194898","0.5910467697682046","0.5910467697682046","0.5910467697682046","0.568537410676047","0.568537410676047","0.568537410676047","0.5622028612922261","0.5622028612922261","0.5622028612922261","0.6205784996889416","0.6205784996889416","0.6205784996889416","0.5580908938635654","0.5580908938635654","0.5580908938635654","0.5924125552308638","0.5924125552308638","0.5924125552308638","0.556522868925023","0.556522868925023","0.556522868925023","0.5856751707769138","0.5856751707769138","0.5856751707769138","0.5478323065887211","0.5478323065887211","0.5478323065887211","0.5100572010385873","0.5100572010385873","0.5100572010385873","0.5259759289646385","0.5259759289646385","0.5259759289646385","0.5195933956034289","0.5195933956034289","0.5195933956034289"
"26","0.5838143136749597","0.5838143136749597","0.5838143136749597","0.5514885337963676","0.5514885337963676","0.5514885337963676","0.5770258315481438","0.5770258315481438","0.5770258315481438","0.6267149689287843","0.6267149689287843","0.6267149689287843","0.5529179500523195","0.5529179500523195","0.5529179500523195","0.5926055770790823","0.5926055770790823","0.5926055770790823","0.5708977494923169","0.5708977494923169","0.5708977494923169","0.5656980858797958","0.5656980858797958","0.5656980858797958","0.5531074042738381","0.5531074042738381","0.5531074042738381","0.5367531736573518","0.5367531736573518","0.5367531736573518","0.5123851472242071","0.5123851472242071","0.5123851472242071","0.52628594878215","0.52628594878215","0.52628594878215","0.5445418537338854","0.5445418537338854","0.5445418537338854","0.6039768496653029","0.6039768496653029","0.6039768496653029","0.5849949087456484","0.5849949087456484","0.5849949087456484","0.5719191732236545","0.5719191732236545","0.5719191732236545","0.59419156728075","0.59419156728075","0.59419156728075","0.5678261552560605","0.5678261552560605","0.5678261552560605","0.5922793508852177","0.5922793508852177","0.5922793508852177","0.5030347584580481","0.5030347584580481","0.5030347584580481","0.5297099642700147","0.5297099642700147","0.5297099642700147","0.571498887900335","0.571498887900335","0.571498887900335","0.47691824921881154","0.47691824921881154","0.47691824921881154","0.47247072691739334","0.47247072691739334","0.47247072691739334","0.6083369646457683","0.6083369646457683","0.6083369646457683","0.5898215065439741","0.5898215065439741","0.5898215065439741","0.5984762953559861","0.5984762953559861","0.5984762953559861","0.6172357411092264","0.6172357411092264","0.6172357411092264","0.5709185915579869","0.5709185915579869","0.5709185915579869","0.6051161390032164","0.6051161390032164","0.6051161390032164","0.5472974894134136","0.5472974894134136","0.5472974894134136","0.533119836111737","0.533119836111737","0.533119836111737","0.5560774799243613","0.5560774799243613","0.5560774799243613","0.5366442016444067","0.5366442016444067","0.5366442016444067","0.5382759221209266","0.5382759221209266","0.5382759221209266","0.5233177756509091","0.5233177756509091","0.5233177756509091"
"27","0.5971028831980455","0.5971028831980455","0.5971028831980455","0.5814063763870413","0.5814063763870413","0.5814063763870413","0.5784674672429916","0.5784674672429916","0.5784674672429916","0.637092924631273","0.637092924631273","0.637092924631273","0.5687265602081668","0.5687265602081668","0.5687265602081668","0.5844737385804551","0.5844737385804551","0.5844737385804551","0.5726396352695042","0.5726396352695042","0.5726396352695042","0.5936899864321633","0.5936899864321633","0.5936899864321633","0.5977306442715454","0.5977306442715454","0.5977306442715454","0.556765674463451","0.556765674463451","0.556765674463451","0.5351527847110356","0.5351527847110356","0.5351527847110356","0.5496000693643024","0.5496000693643024","0.5496000693643024","0.561731021806001","0.561731021806001","0.561731021806001","0.5722879198623531","0.5722879198623531","0.5722879198623531","0.5611438857593535","0.5611438857593535","0.5611438857593535","0.5766120567244356","0.5766120567244356","0.5766120567244356","0.6078464023192081","0.6078464023192081","0.6078464023192081","0.5635847191841682","0.5635847191841682","0.5635847191841682","0.5654852275909867","0.5654852275909867","0.5654852275909867","0.5033452986047801","0.5033452986047801","0.5033452986047801","0.5461076152472962","0.5461076152472962","0.5461076152472962","0.6010976970768395","0.6010976970768395","0.6010976970768395","0.47405371808685304","0.47405371808685304","0.47405371808685304","0.46880299824336563","0.46880299824336563","0.46880299824336563","0.6193084938035616","0.6193084938035616","0.6193084938035616","0.6001927198241206","0.6001927198241206","0.6001927198241206","0.6015418528165914","0.6015418528165914","0.6015418528165914","0.6343035548479071","0.6343035548479071","0.6343035548479071","0.6109605972414602","0.6109605972414602","0.6109605972414602","0.6498151473163645","0.6498151473163645","0.6498151473163645","0.541569727467273","0.541569727467273","0.541569727467273","0.5722150370009645","0.5722150370009645","0.5722150370009645","0.5859347813236442","0.5859347813236442","0.5859347813236442","0.5454765203905791","0.5454765203905791","0.5454765203905791","0.5301084927372449","0.5301084927372449","0.5301084927372449","0.5183526553361323","0.5183526553361323","0.5183526553361323"
"28","0.6205776290464272","0.6205776290464272","0.6205776290464272","0.566036147920399","0.566036147920399","0.566036147920399","0.5732548329818544","0.5732548329818544","0.5732548329818544","0.6665128218946079","0.6665128218946079","0.6665128218946079","0.5785597177020617","0.5785597177020617","0.5785597177020617","0.6257342773485336","0.6257342773485336","0.6257342773485336","0.5984494334998027","0.5984494334998027","0.5984494334998027","0.5916002309289152","0.5916002309289152","0.5916002309289152","0.5828403812021553","0.5828403812021553","0.5828403812021553","0.5489963730811314","0.5489963730811314","0.5489963730811314","0.5339469591044064","0.5339469591044064","0.5339469591044064","0.546088257371396","0.546088257371396","0.546088257371396","0.555231667585586","0.555231667585586","0.555231667585586","0.603729735548121","0.603729735548121","0.603729735548121","0.6228905339628015","0.6228905339628015","0.6228905339628015","0.560045965044633","0.560045965044633","0.560045965044633","0.6152463858478627","0.6152463858478627","0.6152463858478627","0.583857016236335","0.583857016236335","0.583857016236335","0.6047955697889467","0.6047955697889467","0.6047955697889467","0.5050258048407574","0.5050258048407574","0.5050258048407574","0.5689177250587716","0.5689177250587716","0.5689177250587716","0.571593214333278","0.571593214333278","0.571593214333278","0.4969339667034084","0.4969339667034084","0.4969339667034084","0.4757636822966445","0.4757636822966445","0.4757636822966445","0.6159291102882543","0.6159291102882543","0.6159291102882543","0.5907095676703029","0.5907095676703029","0.5907095676703029","0.5901086922817357","0.5901086922817357","0.5901086922817357","0.6131362575974522","0.6131362575974522","0.6131362575974522","0.5895827069950864","0.5895827069950864","0.5895827069950864","0.6082442437033652","0.6082442437033652","0.6082442437033652","0.5631896962218101","0.5631896962218101","0.5631896962218101","0.5748095851352237","0.5748095851352237","0.5748095851352237","0.5619230324788484","0.5619230324788484","0.5619230324788484","0.5310521004168942","0.5310521004168942","0.5310521004168942","0.5488273333324678","0.5488273333324678","0.5488273333324678","0.5596958447892092","0.5596958447892092","0.5596958447892092"
"29","0.637211358108579","0.637211358108579","0.637211358108579","0.5687656004208376","0.5687656004208376","0.5687656004208376","0.6175514707561692","0.6175514707561692","0.6175514707561692","0.6894062078648783","0.6894062078648783","0.6894062078648783","0.5848812115192541","0.5848812115192541","0.5848812115192541","0.6032684395449928","0.6032684395449928","0.6032684395449928","0.611821681896115","0.611821681896115","0.611821681896115","0.6142604567838862","0.6142604567838862","0.6142604567838862","0.5733458278356564","0.5733458278356564","0.5733458278356564","0.5397975728332146","0.5397975728332146","0.5397975728332146","0.562635305286918","0.562635305286918","0.562635305286918","0.5490100741740556","0.5490100741740556","0.5490100741740556","0.5845603697361096","0.5845603697361096","0.5845603697361096","0.6221782263758942","0.6221782263758942","0.6221782263758942","0.5814997843875628","0.5814997843875628","0.5814997843875628","0.5759315013978067","0.5759315013978067","0.5759315013978067","0.6041311644727778","0.6041311644727778","0.6041311644727778","0.5904619066106822","0.5904619066106822","0.5904619066106822","0.646385308802897","0.646385308802897","0.646385308802897","0.47761568768130197","0.47761568768130197","0.47761568768130197","0.5735218449219419","0.5735218449219419","0.5735218449219419","0.6111279753498533","0.6111279753498533","0.6111279753498533","0.4761845989206528","0.4761845989206528","0.4761845989206528","0.49212017934337443","0.49212017934337443","0.49212017934337443","0.6037162103627889","0.6037162103627889","0.6037162103627889","0.5916489955840187","0.5916489955840187","0.5916489955840187","0.5876047475644328","0.5876047475644328","0.5876047475644328","0.6139562336628024","0.6139562336628024","0.6139562336628024","0.6245146183513316","0.6245146183513316","0.6245146183513316","0.6469972187186687","0.6469972187186687","0.6469972187186687","0.5451450571759969","0.5451450571759969","0.5451450571759969","0.5677288667425873","0.5677288667425873","0.5677288667425873","0.551440029420694","0.551440029420694","0.551440029420694","0.558446811222569","0.558446811222569","0.558446811222569","0.5286276903718237","0.5286276903718237","0.5286276903718237","0.5607808447291847","0.5607808447291847","0.5607808447291847"