"Step","GNN_expression_cnv_soft_1 - assay_ap","GNN_expression_cnv_soft_1 - assay_ap__MIN","GNN_expression_cnv_soft_1 - assay_ap__MAX","GNN_expression_cnv_soft_999 - assay_ap","GNN_expression_cnv_soft_999 - assay_ap__MIN","GNN_expression_cnv_soft_999 - assay_ap__MAX","GNN_expression_cnv_soft_42 - assay_ap","GNN_expression_cnv_soft_42 - assay_ap__MIN","GNN_expression_cnv_soft_42 - assay_ap__MAX","GNN_cnv_soft_expression_1 - assay_ap","GNN_cnv_soft_expression_1 - assay_ap__MIN","GNN_cnv_soft_expression_1 - assay_ap__MAX","GNN_cnv_soft_expression_999 - assay_ap","GNN_cnv_soft_expression_999 - assay_ap__MIN","GNN_cnv_soft_expression_999 - assay_ap__MAX","GNN_cnv_soft_expression_42 - assay_ap","GNN_cnv_soft_expression_42 - assay_ap__MIN","GNN_cnv_soft_expression_42 - assay_ap__MAX","GNN_expression_rnd_1 - assay_ap","GNN_expression_rnd_1 - assay_ap__MIN","GNN_expression_rnd_1 - assay_ap__MAX","GNN_expression_rnd_999 - assay_ap","GNN_expression_rnd_999 - assay_ap__MIN","GNN_expression_rnd_999 - assay_ap__MAX","GNN_expression_rnd_42 - assay_ap","GNN_expression_rnd_42 - assay_ap__MIN","GNN_expression_rnd_42 - assay_ap__MAX","GNN_cnv_rnd_1 - assay_ap","GNN_cnv_rnd_1 - assay_ap__MIN","GNN_cnv_rnd_1 - assay_ap__MAX","GNN_cnv_rnd_999 - assay_ap","GNN_cnv_rnd_999 - assay_ap__MIN","GNN_cnv_rnd_999 - assay_ap__MAX","GNN_cnv_rnd_42 - assay_ap","GNN_cnv_rnd_42 - assay_ap__MIN","GNN_cnv_rnd_42 - assay_ap__MAX","GNN_expression_cnv_1 - assay_ap","GNN_expression_cnv_1 - assay_ap__MIN","GNN_expression_cnv_1 - assay_ap__MAX","GNN_expression_cnv_999 - assay_ap","GNN_expression_cnv_999 - assay_ap__MIN","GNN_expression_cnv_999 - assay_ap__MAX","GNN_expression_cnv_42 - assay_ap","GNN_expression_cnv_42 - assay_ap__MIN","GNN_expression_cnv_42 - assay_ap__MAX","GNN_cnv_expression_1 - assay_ap","GNN_cnv_expression_1 - assay_ap__MIN","GNN_cnv_expression_1 - assay_ap__MAX","GNN_cnv_expression_999 - assay_ap","GNN_cnv_expression_999 - assay_ap__MIN","GNN_cnv_expression_999 - assay_ap__MAX","GNN_cnv_expression_42 - assay_ap","GNN_cnv_expression_42 - assay_ap__MIN","GNN_cnv_expression_42 - assay_ap__MAX","GNN_cnv_full_1 - assay_ap","GNN_cnv_full_1 - assay_ap__MIN","GNN_cnv_full_1 - assay_ap__MAX","GNN_cnv_full_999 - assay_ap","GNN_cnv_full_999 - assay_ap__MIN","GNN_cnv_full_999 - assay_ap__MAX","GNN_cnv_full_42 - assay_ap","GNN_cnv_full_42 - assay_ap__MIN","GNN_cnv_full_42 - assay_ap__MAX","GNN_expression_full_1 - assay_ap","GNN_expression_full_1 - assay_ap__MIN","GNN_expression_full_1 - assay_ap__MAX","GNN_expression_full_999 - assay_ap","GNN_expression_full_999 - assay_ap__MIN","GNN_expression_full_999 - assay_ap__MAX","GNN_expression_full_42 - assay_ap","GNN_expression_full_42 - assay_ap__MIN","GNN_expression_full_42 - assay_ap__MAX","GNN_cnv_soft_rnd_1 - assay_ap","GNN_cnv_soft_rnd_1 - assay_ap__MIN","GNN_cnv_soft_rnd_1 - assay_ap__MAX","GNN_cnv_soft_rnd_999 - assay_ap","GNN_cnv_soft_rnd_999 - assay_ap__MIN","GNN_cnv_soft_rnd_999 - assay_ap__MAX","GNN_cnv_soft_rnd_42 - assay_ap","GNN_cnv_soft_rnd_42 - assay_ap__MIN","GNN_cnv_soft_rnd_42 - assay_ap__MAX","GNN_cnv_soft_99 - assay_ap","GNN_cnv_soft_99 - assay_ap__MIN","GNN_cnv_soft_99 - assay_ap__MAX","GNN_cnv_soft_42 - assay_ap","GNN_cnv_soft_42 - assay_ap__MIN","GNN_cnv_soft_42 - assay_ap__MAX","GNN_cnv_soft_1 - assay_ap","GNN_cnv_soft_1 - assay_ap__MIN","GNN_cnv_soft_1 - assay_ap__MAX","GNN_expression_99 - assay_ap","GNN_expression_99 - assay_ap__MIN","GNN_expression_99 - assay_ap__MAX","GNN_expression_42 - assay_ap","GNN_expression_42 - assay_ap__MIN","GNN_expression_42 - assay_ap__MAX","GNN_expression_1 - assay_ap","GNN_expression_1 - assay_ap__MIN","GNN_expression_1 - assay_ap__MAX","GNN_cnv_99 - assay_ap","GNN_cnv_99 - assay_ap__MIN","GNN_cnv_99 - assay_ap__MAX","GNN_cnv_42 - assay_ap","GNN_cnv_42 - assay_ap__MIN","GNN_cnv_42 - assay_ap__MAX","GNN_cnv_1 - assay_ap","GNN_cnv_1 - assay_ap__MIN","GNN_cnv_1 - assay_ap__MAX"
"0","0.42151567619103925","0.42151567619103925","0.42151567619103925","0.41745805862531526","0.41745805862531526","0.41745805862531526","0.42734418008373803","0.42734418008373803","0.42734418008373803","0.42842950417153974","0.42842950417153974","0.42842950417153974","0.40770545409540565","0.40770545409540565","0.40770545409540565","0.4407557301898186","0.4407557301898186","0.4407557301898186","0.41882739767775745","0.41882739767775745","0.41882739767775745","0.42946792517003446","0.42946792517003446","0.42946792517003446","0.4306295708923027","0.4306295708923027","0.4306295708923027","0.408647550023329","0.408647550023329","0.408647550023329","0.4022021986372963","0.4022021986372963","0.4022021986372963","0.4047511821772732","0.4047511821772732","0.4047511821772732","0.4196938948051741","0.4196938948051741","0.4196938948051741","0.4112816269461753","0.4112816269461753","0.4112816269461753","0.41245076891744475","0.41245076891744475","0.41245076891744475","0.42585677753549595","0.42585677753549595","0.42585677753549595","0.3988098588002342","0.3988098588002342","0.3988098588002342","0.41568679268981157","0.41568679268981157","0.41568679268981157","0.37635645089791303","0.37635645089791303","0.37635645089791303","0.42451991929370486","0.42451991929370486","0.42451991929370486","0.38655873488402215","0.38655873488402215","0.38655873488402215","0.35701163565928457","0.35701163565928457","0.35701163565928457","0.3731830377339121","0.3731830377339121","0.3731830377339121","0.3749620393730435","0.3749620393730435","0.3749620393730435","0.4312175049447771","0.4312175049447771","0.4312175049447771","0.43994327416437057","0.43994327416437057","0.43994327416437057","0.4331905333837415","0.4331905333837415","0.4331905333837415","0.3991893508479424","0.3991893508479424","0.3991893508479424","0.42751409940857366","0.42751409940857366","0.42751409940857366","0.4193690180060111","0.4193690180060111","0.4193690180060111","0.4100411992865782","0.4100411992865782","0.4100411992865782","0.4114579746003691","0.4114579746003691","0.4114579746003691","0.4245734396468642","0.4245734396468642","0.4245734396468642","0.4124276354205678","0.4124276354205678","0.4124276354205678","0.4106950059850479","0.4106950059850479","0.4106950059850479","0.4000709101723332","0.4000709101723332","0.4000709101723332"
"1","0.4124790377200363","0.4124790377200363","0.4124790377200363","0.45184151102151315","0.45184151102151315","0.45184151102151315","0.4526560444050302","0.4526560444050302","0.4526560444050302","0.4676313054741483","0.4676313054741483","0.4676313054741483","0.4580166030397059","0.4580166030397059","0.4580166030397059","0.457685627847207","0.457685627847207","0.457685627847207","0.4751224285632417","0.4751224285632417","0.4751224285632417","0.46887313894885835","0.46887313894885835","0.46887313894885835","0.48203527393081114","0.48203527393081114","0.48203527393081114","0.4259025695249508","0.4259025695249508","0.4259025695249508","0.41336712773450873","0.41336712773450873","0.41336712773450873","0.42255805826481513","0.42255805826481513","0.42255805826481513","0.42608485232327437","0.42608485232327437","0.42608485232327437","0.43246163408574584","0.43246163408574584","0.43246163408574584","0.43072144271211665","0.43072144271211665","0.43072144271211665","0.4256056565635653","0.4256056565635653","0.4256056565635653","0.4284747656734488","0.4284747656734488","0.4284747656734488","0.4166376804191651","0.4166376804191651","0.4166376804191651","0.35599997144261","0.35599997144261","0.35599997144261","0.4253202908816565","0.4253202908816565","0.4253202908816565","0.39968856966563493","0.39968856966563493","0.39968856966563493","0.38264124471914496","0.38264124471914496","0.38264124471914496","0.391037695987521","0.391037695987521","0.391037695987521","0.4021497554223818","0.4021497554223818","0.4021497554223818","0.47676884010478426","0.47676884010478426","0.47676884010478426","0.4657290020226925","0.4657290020226925","0.4657290020226925","0.46145308205525226","0.46145308205525226","0.46145308205525226","0.4549059723706103","0.4549059723706103","0.4549059723706103","0.4666256124604114","0.4666256124604114","0.4666256124604114","0.43315812742832976","0.43315812742832976","0.43315812742832976","0.4234349678358108","0.4234349678358108","0.4234349678358108","0.42672133697140513","0.42672133697140513","0.42672133697140513","0.45681619125057343","0.45681619125057343","0.45681619125057343","0.4686663643277976","0.4686663643277976","0.4686663643277976","0.4431830054682322","0.4431830054682322","0.4431830054682322","0.43981970550054816","0.43981970550054816","0.43981970550054816"
"2","0.4555115420278765","0.4555115420278765","0.4555115420278765","0.4735955033454498","0.4735955033454498","0.4735955033454498","0.5210935852406196","0.5210935852406196","0.5210935852406196","0.48434241623192403","0.48434241623192403","0.48434241623192403","0.5101637226328212","0.5101637226328212","0.5101637226328212","0.4926771616970603","0.4926771616970603","0.4926771616970603","0.46625067748781784","0.46625067748781784","0.46625067748781784","0.4818816880338781","0.4818816880338781","0.4818816880338781","0.48793452566722795","0.48793452566722795","0.48793452566722795","0.4542902406099332","0.4542902406099332","0.4542902406099332","0.4277590429422996","0.4277590429422996","0.4277590429422996","0.451548632381714","0.451548632381714","0.451548632381714","0.43732047814344793","0.43732047814344793","0.43732047814344793","0.4602317198025063","0.4602317198025063","0.4602317198025063","0.4629046217808501","0.4629046217808501","0.4629046217808501","0.4492332700118228","0.4492332700118228","0.4492332700118228","0.46402679251004925","0.46402679251004925","0.46402679251004925","0.4424936690648242","0.4424936690648242","0.4424936690648242","0.4112345851551981","0.4112345851551981","0.4112345851551981","0.4421031469872566","0.4421031469872566","0.4421031469872566","0.37937823442812607","0.37937823442812607","0.37937823442812607","0.3847850407011105","0.3847850407011105","0.3847850407011105","0.40987723492603356","0.40987723492603356","0.40987723492603356","0.3611647312266397","0.3611647312266397","0.3611647312266397","0.45429169435028294","0.45429169435028294","0.45429169435028294","0.42526273267960985","0.42526273267960985","0.42526273267960985","0.48870529282053277","0.48870529282053277","0.48870529282053277","0.4799417184008052","0.4799417184008052","0.4799417184008052","0.4887645156136348","0.4887645156136348","0.4887645156136348","0.4698289807542635","0.4698289807542635","0.4698289807542635","0.44115156571400305","0.44115156571400305","0.44115156571400305","0.4210124652115185","0.4210124652115185","0.4210124652115185","0.45661719782340865","0.45661719782340865","0.45661719782340865","0.49868565593638475","0.49868565593638475","0.49868565593638475","0.45775678353173915","0.45775678353173915","0.45775678353173915","0.4595384667756812","0.4595384667756812","0.4595384667756812"
"3","0.49017228891056613","0.49017228891056613","0.49017228891056613","0.5106411437912663","0.5106411437912663","0.5106411437912663","0.535546600077733","0.535546600077733","0.535546600077733","0.5221836350665028","0.5221836350665028","0.5221836350665028","0.517166282061554","0.517166282061554","0.517166282061554","0.5183514780331437","0.5183514780331437","0.5183514780331437","0.46323095761955296","0.46323095761955296","0.46323095761955296","0.5014812690891939","0.5014812690891939","0.5014812690891939","0.4649479892830095","0.4649479892830095","0.4649479892830095","0.45953932615901383","0.45953932615901383","0.45953932615901383","0.45240383456623134","0.45240383456623134","0.45240383456623134","0.461754795885491","0.461754795885491","0.461754795885491","0.46412683872203486","0.46412683872203486","0.46412683872203486","0.48887182691103637","0.48887182691103637","0.48887182691103637","0.4747821922258984","0.4747821922258984","0.4747821922258984","0.46815186571133266","0.46815186571133266","0.46815186571133266","0.48138657779039534","0.48138657779039534","0.48138657779039534","0.4525403830981004","0.4525403830981004","0.4525403830981004","0.40092225462601727","0.40092225462601727","0.40092225462601727","0.42668443563834246","0.42668443563834246","0.42668443563834246","0.3849079584320045","0.3849079584320045","0.3849079584320045","0.365597976598295","0.365597976598295","0.365597976598295","0.4258856595862871","0.4258856595862871","0.4258856595862871","0.37803885956402394","0.37803885956402394","0.37803885956402394","0.45311045965530267","0.45311045965530267","0.45311045965530267","0.43880846703013693","0.43880846703013693","0.43880846703013693","0.46761979985910307","0.46761979985910307","0.46761979985910307","0.5066448063201854","0.5066448063201854","0.5066448063201854","0.5284022351481572","0.5284022351481572","0.5284022351481572","0.4960987802608204","0.4960987802608204","0.4960987802608204","0.4606702341641059","0.4606702341641059","0.4606702341641059","0.4596258499944811","0.4596258499944811","0.4596258499944811","0.47764143095724637","0.47764143095724637","0.47764143095724637","0.4949006597778087","0.4949006597778087","0.4949006597778087","0.479289837039737","0.479289837039737","0.479289837039737","0.49556692780539985","0.49556692780539985","0.49556692780539985"
"4","0.48007989264813045","0.48007989264813045","0.48007989264813045","0.5134365631713108","0.5134365631713108","0.5134365631713108","0.5541594721309079","0.5541594721309079","0.5541594721309079","0.5106739739615793","0.5106739739615793","0.5106739739615793","0.5365211880700692","0.5365211880700692","0.5365211880700692","0.5247744250507754","0.5247744250507754","0.5247744250507754","0.47090376852539617","0.47090376852539617","0.47090376852539617","0.47666426984227495","0.47666426984227495","0.47666426984227495","0.4493527341098211","0.4493527341098211","0.4493527341098211","0.48310020662782777","0.48310020662782777","0.48310020662782777","0.46540608219981466","0.46540608219981466","0.46540608219981466","0.47948441527567404","0.47948441527567404","0.47948441527567404","0.4636562128063327","0.4636562128063327","0.4636562128063327","0.5058961392932079","0.5058961392932079","0.5058961392932079","0.5000200918743548","0.5000200918743548","0.5000200918743548","0.47561784598843093","0.47561784598843093","0.47561784598843093","0.48264012539526374","0.48264012539526374","0.48264012539526374","0.45510266831597046","0.45510266831597046","0.45510266831597046","0.40049029809956893","0.40049029809956893","0.40049029809956893","0.4370482623455173","0.4370482623455173","0.4370482623455173","0.40645320072587104","0.40645320072587104","0.40645320072587104","0.3722746465023815","0.3722746465023815","0.3722746465023815","0.4339668441008075","0.4339668441008075","0.4339668441008075","0.3989330669981109","0.3989330669981109","0.3989330669981109","0.4736805077738886","0.4736805077738886","0.4736805077738886","0.4472878625128372","0.4472878625128372","0.4472878625128372","0.4548283948802768","0.4548283948802768","0.4548283948802768","0.5430355754313032","0.5430355754313032","0.5430355754313032","0.5622117193477589","0.5622117193477589","0.5622117193477589","0.5295909297373722","0.5295909297373722","0.5295909297373722","0.4735982224308486","0.4735982224308486","0.4735982224308486","0.46063913294378533","0.46063913294378533","0.46063913294378533","0.485237407428382","0.485237407428382","0.485237407428382","0.5231198714091468","0.5231198714091468","0.5231198714091468","0.5029444847121293","0.5029444847121293","0.5029444847121293","0.50357112308675","0.50357112308675","0.50357112308675"
"5","0.5069985774137795","0.5069985774137795","0.5069985774137795","0.5406565916689071","0.5406565916689071","0.5406565916689071","0.5349532689254337","0.5349532689254337","0.5349532689254337","0.533035754756533","0.533035754756533","0.533035754756533","0.5349903924136516","0.5349903924136516","0.5349903924136516","0.5715935989849276","0.5715935989849276","0.5715935989849276","0.457685188206681","0.457685188206681","0.457685188206681","0.44401261867743347","0.44401261867743347","0.44401261867743347","0.4595411272539717","0.4595411272539717","0.4595411272539717","0.48613079219358807","0.48613079219358807","0.48613079219358807","0.4765698497342753","0.4765698497342753","0.4765698497342753","0.5005569874472713","0.5005569874472713","0.5005569874472713","0.4751947257063815","0.4751947257063815","0.4751947257063815","0.5308056566883734","0.5308056566883734","0.5308056566883734","0.5337022435324308","0.5337022435324308","0.5337022435324308","0.5046104173123789","0.5046104173123789","0.5046104173123789","0.5212301430115925","0.5212301430115925","0.5212301430115925","0.4908622951727321","0.4908622951727321","0.4908622951727321","0.397499042785233","0.397499042785233","0.397499042785233","0.4569076973964545","0.4569076973964545","0.4569076973964545","0.42791508076053525","0.42791508076053525","0.42791508076053525","0.3913487789947613","0.3913487789947613","0.3913487789947613","0.42794214274915016","0.42794214274915016","0.42794214274915016","0.4114621580380805","0.4114621580380805","0.4114621580380805","0.45903356436877163","0.45903356436877163","0.45903356436877163","0.45585183770097837","0.45585183770097837","0.45585183770097837","0.4656655008340502","0.4656655008340502","0.4656655008340502","0.5461001164276942","0.5461001164276942","0.5461001164276942","0.568021988911134","0.568021988911134","0.568021988911134","0.5338847050942184","0.5338847050942184","0.5338847050942184","0.49981498264032354","0.49981498264032354","0.49981498264032354","0.4699991188508538","0.4699991188508538","0.4699991188508538","0.5120985369893856","0.5120985369893856","0.5120985369893856","0.5435755247155324","0.5435755247155324","0.5435755247155324","0.509189350513205","0.509189350513205","0.509189350513205","0.52851927085383","0.52851927085383","0.52851927085383"
"6","0.5600178569863712","0.5600178569863712","0.5600178569863712","0.5509820960315256","0.5509820960315256","0.5509820960315256","0.5550771534416681","0.5550771534416681","0.5550771534416681","0.5342434522847828","0.5342434522847828","0.5342434522847828","0.5616791310936138","0.5616791310936138","0.5616791310936138","0.5727878666562549","0.5727878666562549","0.5727878666562549","0.4517345860703981","0.4517345860703981","0.4517345860703981","0.45045516847699824","0.45045516847699824","0.45045516847699824","0.4682092810227592","0.4682092810227592","0.4682092810227592","0.5047808810028382","0.5047808810028382","0.5047808810028382","0.4899347935065619","0.4899347935065619","0.4899347935065619","0.4952726092293764","0.4952726092293764","0.4952726092293764","0.5118964156689139","0.5118964156689139","0.5118964156689139","0.5144497292706732","0.5144497292706732","0.5144497292706732","0.5246955415634279","0.5246955415634279","0.5246955415634279","0.5135645125943905","0.5135645125943905","0.5135645125943905","0.526755667057086","0.526755667057086","0.526755667057086","0.48875800324046415","0.48875800324046415","0.48875800324046415","0.40278675916997325","0.40278675916997325","0.40278675916997325","0.4540584771160769","0.4540584771160769","0.4540584771160769","0.4436360410926771","0.4436360410926771","0.4436360410926771","0.3675693423954935","0.3675693423954935","0.3675693423954935","0.4467862809430718","0.4467862809430718","0.4467862809430718","0.39182139645326614","0.39182139645326614","0.39182139645326614","0.48984529176785424","0.48984529176785424","0.48984529176785424","0.47489700214706176","0.47489700214706176","0.47489700214706176","0.4635364188930035","0.4635364188930035","0.4635364188930035","0.5925827825549904","0.5925827825549904","0.5925827825549904","0.6216511078695666","0.6216511078695666","0.6216511078695666","0.5601696137598744","0.5601696137598744","0.5601696137598744","0.49264129635063436","0.49264129635063436","0.49264129635063436","0.48025648441558716","0.48025648441558716","0.48025648441558716","0.5038247888729871","0.5038247888729871","0.5038247888729871","0.5654271835363059","0.5654271835363059","0.5654271835363059","0.5440598020408448","0.5440598020408448","0.5440598020408448","0.5462479806170872","0.5462479806170872","0.5462479806170872"
"7","0.5577594741148025","0.5577594741148025","0.5577594741148025","0.5812810650545597","0.5812810650545597","0.5812810650545597","0.5368934487873206","0.5368934487873206","0.5368934487873206","0.5673619109666448","0.5673619109666448","0.5673619109666448","0.575096657106791","0.575096657106791","0.575096657106791","0.5581181231495568","0.5581181231495568","0.5581181231495568","0.4543357455727758","0.4543357455727758","0.4543357455727758","0.45896217934904543","0.45896217934904543","0.45896217934904543","0.47502153817481946","0.47502153817481946","0.47502153817481946","0.5263891039814934","0.5263891039814934","0.5263891039814934","0.4832914187851829","0.4832914187851829","0.4832914187851829","0.4869194464447667","0.4869194464447667","0.4869194464447667","0.5386509166774947","0.5386509166774947","0.5386509166774947","0.5351202246980291","0.5351202246980291","0.5351202246980291","0.5265567047480001","0.5265567047480001","0.5265567047480001","0.5204214589209966","0.5204214589209966","0.5204214589209966","0.5397499045189927","0.5397499045189927","0.5397499045189927","0.5130175444161708","0.5130175444161708","0.5130175444161708","0.41921899829226084","0.41921899829226084","0.41921899829226084","0.46688216860753146","0.46688216860753146","0.46688216860753146","0.45063203386474704","0.45063203386474704","0.45063203386474704","0.392781552062481","0.392781552062481","0.392781552062481","0.44273093239006317","0.44273093239006317","0.44273093239006317","0.40814215287598776","0.40814215287598776","0.40814215287598776","0.4807097020445247","0.4807097020445247","0.4807097020445247","0.46576936217755455","0.46576936217755455","0.46576936217755455","0.4732142744480799","0.4732142744480799","0.4732142744480799","0.6020061116618111","0.6020061116618111","0.6020061116618111","0.623998190797971","0.623998190797971","0.623998190797971","0.5982235441693574","0.5982235441693574","0.5982235441693574","0.5170394728787707","0.5170394728787707","0.5170394728787707","0.5215256390056794","0.5215256390056794","0.5215256390056794","0.49338004343484565","0.49338004343484565","0.49338004343484565","0.5761957524033438","0.5761957524033438","0.5761957524033438","0.5460988193859851","0.5460988193859851","0.5460988193859851","0.5626873767704386","0.5626873767704386","0.5626873767704386"
"8","0.6039223937998313","0.6039223937998313","0.6039223937998313","0.5972158640623133","0.5972158640623133","0.5972158640623133","0.5816132108761021","0.5816132108761021","0.5816132108761021","0.5760227646758124","0.5760227646758124","0.5760227646758124","0.5842068552990256","0.5842068552990256","0.5842068552990256","0.5633001998226477","0.5633001998226477","0.5633001998226477","0.45024677727462303","0.45024677727462303","0.45024677727462303","0.4548091910924585","0.4548091910924585","0.4548091910924585","0.4801003365342102","0.4801003365342102","0.4801003365342102","0.5083960837498508","0.5083960837498508","0.5083960837498508","0.5147953951603652","0.5147953951603652","0.5147953951603652","0.5153001578037901","0.5153001578037901","0.5153001578037901","0.5414320621914891","0.5414320621914891","0.5414320621914891","0.576284946094206","0.576284946094206","0.576284946094206","0.537515937033573","0.537515937033573","0.537515937033573","0.543610458137913","0.543610458137913","0.543610458137913","0.5616505828615611","0.5616505828615611","0.5616505828615611","0.538860460948352","0.538860460948352","0.538860460948352","0.4140154190185372","0.4140154190185372","0.4140154190185372","0.4648970468766899","0.4648970468766899","0.4648970468766899","0.4268806280148642","0.4268806280148642","0.4268806280148642","0.393948416509259","0.393948416509259","0.393948416509259","0.4538626634353343","0.4538626634353343","0.4538626634353343","0.40684367458825016","0.40684367458825016","0.40684367458825016","0.4866256644980472","0.4866256644980472","0.4866256644980472","0.48286668819710926","0.48286668819710926","0.48286668819710926","0.4586116621291759","0.4586116621291759","0.4586116621291759","0.607496083949851","0.607496083949851","0.607496083949851","0.641742581318781","0.641742581318781","0.641742581318781","0.6156028922134443","0.6156028922134443","0.6156028922134443","0.5160821033485984","0.5160821033485984","0.5160821033485984","0.5031184559376805","0.5031184559376805","0.5031184559376805","0.5325372751185687","0.5325372751185687","0.5325372751185687","0.5823180006350708","0.5823180006350708","0.5823180006350708","0.5590218437238872","0.5590218437238872","0.5590218437238872","0.5894517501147326","0.5894517501147326","0.5894517501147326"
"9","0.5655155145905713","0.5655155145905713","0.5655155145905713","0.5901851872761295","0.5901851872761295","0.5901851872761295","0.6091215186231126","0.6091215186231126","0.6091215186231126","0.6105336081742577","0.6105336081742577","0.6105336081742577","0.5917291341432495","0.5917291341432495","0.5917291341432495","0.5752323745192848","0.5752323745192848","0.5752323745192848","0.4838880137613679","0.4838880137613679","0.4838880137613679","0.4637354514418134","0.4637354514418134","0.4637354514418134","0.49121307854241403","0.49121307854241403","0.49121307854241403","0.5180728382330994","0.5180728382330994","0.5180728382330994","0.5108799909283788","0.5108799909283788","0.5108799909283788","0.4954920951501828","0.4954920951501828","0.4954920951501828","0.5338137725330613","0.5338137725330613","0.5338137725330613","0.5582063230267927","0.5582063230267927","0.5582063230267927","0.5630820299663053","0.5630820299663053","0.5630820299663053","0.5516872671525906","0.5516872671525906","0.5516872671525906","0.5821919745489497","0.5821919745489497","0.5821919745489497","0.5309607052150342","0.5309607052150342","0.5309607052150342","0.43020542950540797","0.43020542950540797","0.43020542950540797","0.49682377267605704","0.49682377267605704","0.49682377267605704","0.46351223190396224","0.46351223190396224","0.46351223190396224","0.4141274179961719","0.4141274179961719","0.4141274179961719","0.4353261236454046","0.4353261236454046","0.4353261236454046","0.4300196879386442","0.4300196879386442","0.4300196879386442","0.5002491740957364","0.5002491740957364","0.5002491740957364","0.49641388845136986","0.49641388845136986","0.49641388845136986","0.4653128570685508","0.4653128570685508","0.4653128570685508","0.6332559201914845","0.6332559201914845","0.6332559201914845","0.6577237893163665","0.6577237893163665","0.6577237893163665","0.6212990633293526","0.6212990633293526","0.6212990633293526","0.540114223675872","0.540114223675872","0.540114223675872","0.5195991430767417","0.5195991430767417","0.5195991430767417","0.5486679713428981","0.5486679713428981","0.5486679713428981","0.6162749537681443","0.6162749537681443","0.6162749537681443","0.5824721473825104","0.5824721473825104","0.5824721473825104","0.6004352561392882","0.6004352561392882","0.6004352561392882"
"10","0.5821384687902155","0.5821384687902155","0.5821384687902155","0.6074618056861748","0.6074618056861748","0.6074618056861748","0.5989182795393043","0.5989182795393043","0.5989182795393043","0.6120266104697528","0.6120266104697528","0.6120266104697528","0.6146189854931291","0.6146189854931291","0.6146189854931291","0.6056678215974508","0.6056678215974508","0.6056678215974508","0.495060989521188","0.495060989521188","0.495060989521188","0.4836347258485759","0.4836347258485759","0.4836347258485759","0.5000765498329663","0.5000765498329663","0.5000765498329663","0.5029865354744976","0.5029865354744976","0.5029865354744976","0.49413368523578954","0.49413368523578954","0.49413368523578954","0.4869661262580429","0.4869661262580429","0.4869661262580429","0.573508450796233","0.573508450796233","0.573508450796233","0.5730154395044527","0.5730154395044527","0.5730154395044527","0.5416677844563982","0.5416677844563982","0.5416677844563982","0.5490615979151041","0.5490615979151041","0.5490615979151041","0.5839549686373086","0.5839549686373086","0.5839549686373086","0.538500514908731","0.538500514908731","0.538500514908731","0.4182735714052824","0.4182735714052824","0.4182735714052824","0.45088818331928093","0.45088818331928093","0.45088818331928093","0.479617656555897","0.479617656555897","0.479617656555897","0.39836614695135786","0.39836614695135786","0.39836614695135786","0.47098576354570226","0.47098576354570226","0.47098576354570226","0.4342939200323603","0.4342939200323603","0.4342939200323603","0.48857705301487986","0.48857705301487986","0.48857705301487986","0.4624839904072227","0.4624839904072227","0.4624839904072227","0.501867931931484","0.501867931931484","0.501867931931484","0.6678545371564542","0.6678545371564542","0.6678545371564542","0.6442712038039037","0.6442712038039037","0.6442712038039037","0.6430690636334394","0.6430690636334394","0.6430690636334394","0.5505066908172955","0.5505066908172955","0.5505066908172955","0.5296127489987156","0.5296127489987156","0.5296127489987156","0.551472483284804","0.551472483284804","0.551472483284804","0.6082780091702314","0.6082780091702314","0.6082780091702314","0.6024970887825688","0.6024970887825688","0.6024970887825688","0.6118999656281346","0.6118999656281346","0.6118999656281346"
"11","0.6202375041053738","0.6202375041053738","0.6202375041053738","0.5849454831498487","0.5849454831498487","0.5849454831498487","0.6109798485024523","0.6109798485024523","0.6109798485024523","0.6145083407279681","0.6145083407279681","0.6145083407279681","0.5846272932442246","0.5846272932442246","0.5846272932442246","0.6157665208897554","0.6157665208897554","0.6157665208897554","0.4926340381466495","0.4926340381466495","0.4926340381466495","0.513058298122296","0.513058298122296","0.513058298122296","0.5215578961425662","0.5215578961425662","0.5215578961425662","0.4887806410227247","0.4887806410227247","0.4887806410227247","0.49364116476349484","0.49364116476349484","0.49364116476349484","0.5010958046611858","0.5010958046611858","0.5010958046611858","0.568693203799548","0.568693203799548","0.568693203799548","0.5714631009085652","0.5714631009085652","0.5714631009085652","0.5566333948160184","0.5566333948160184","0.5566333948160184","0.5501889679937667","0.5501889679937667","0.5501889679937667","0.6055487990577041","0.6055487990577041","0.6055487990577041","0.5439027339672429","0.5439027339672429","0.5439027339672429","0.43494760826284956","0.43494760826284956","0.43494760826284956","0.5056710740251088","0.5056710740251088","0.5056710740251088","0.472541429634982","0.472541429634982","0.472541429634982","0.3994824826009397","0.3994824826009397","0.3994824826009397","0.45975683301559395","0.45975683301559395","0.45975683301559395","0.46714902181926826","0.46714902181926826","0.46714902181926826","0.5034426460556454","0.5034426460556454","0.5034426460556454","0.5173295680911948","0.5173295680911948","0.5173295680911948","0.4830849824042138","0.4830849824042138","0.4830849824042138","0.6610900532504419","0.6610900532504419","0.6610900532504419","0.6557829030239031","0.6557829030239031","0.6557829030239031","0.6728825803343375","0.6728825803343375","0.6728825803343375","0.5688771785337643","0.5688771785337643","0.5688771785337643","0.5580697452906922","0.5580697452906922","0.5580697452906922","0.58441137320958","0.58441137320958","0.58441137320958","0.6158919074455721","0.6158919074455721","0.6158919074455721","0.6069060472154644","0.6069060472154644","0.6069060472154644","0.6107020290825176","0.6107020290825176","0.6107020290825176"
"12","0.6134647798148261","0.6134647798148261","0.6134647798148261","0.6370193498822416","0.6370193498822416","0.6370193498822416","0.625372882409542","0.625372882409542","0.625372882409542","0.6228853284095217","0.6228853284095217","0.6228853284095217","0.6361076877076701","0.6361076877076701","0.6361076877076701","0.6246341568937053","0.6246341568937053","0.6246341568937053","0.4924727477292642","0.4924727477292642","0.4924727477292642","0.4860811350647445","0.4860811350647445","0.4860811350647445","0.48730338700585085","0.48730338700585085","0.48730338700585085","0.4825924682140831","0.4825924682140831","0.4825924682140831","0.48394193400750607","0.48394193400750607","0.48394193400750607","0.47468069229827464","0.47468069229827464","0.47468069229827464","0.5705263587354138","0.5705263587354138","0.5705263587354138","0.5806278458011179","0.5806278458011179","0.5806278458011179","0.5602852015491385","0.5602852015491385","0.5602852015491385","0.5843571673998003","0.5843571673998003","0.5843571673998003","0.5723618316964697","0.5723618316964697","0.5723618316964697","0.5375222506290043","0.5375222506290043","0.5375222506290043","0.4324323180199168","0.4324323180199168","0.4324323180199168","0.5155548581177971","0.5155548581177971","0.5155548581177971","0.4924418335025574","0.4924418335025574","0.4924418335025574","0.39678557200097186","0.39678557200097186","0.39678557200097186","0.4678125501815505","0.4678125501815505","0.4678125501815505","0.4641508681604473","0.4641508681604473","0.4641508681604473","0.4964098823808963","0.4964098823808963","0.4964098823808963","0.49331089504065956","0.49331089504065956","0.49331089504065956","0.48628210491082824","0.48628210491082824","0.48628210491082824","0.6481343311580374","0.6481343311580374","0.6481343311580374","0.6886512839611181","0.6886512839611181","0.6886512839611181","0.6754994314686226","0.6754994314686226","0.6754994314686226","0.5808484688284197","0.5808484688284197","0.5808484688284197","0.5429751696449007","0.5429751696449007","0.5429751696449007","0.5577572905420667","0.5577572905420667","0.5577572905420667","0.6291832531314512","0.6291832531314512","0.6291832531314512","0.6106376645715523","0.6106376645715523","0.6106376645715523","0.647808040055187","0.647808040055187","0.647808040055187"
"13","0.6036508414264692","0.6036508414264692","0.6036508414264692","0.6171164424887756","0.6171164424887756","0.6171164424887756","0.6391072009273043","0.6391072009273043","0.6391072009273043","0.6062834583491038","0.6062834583491038","0.6062834583491038","0.6272971262517335","0.6272971262517335","0.6272971262517335","0.6317102702662241","0.6317102702662241","0.6317102702662241","0.49351524398920643","0.49351524398920643","0.49351524398920643","0.4779675884202926","0.4779675884202926","0.4779675884202926","0.5230174366157359","0.5230174366157359","0.5230174366157359","0.468095041215941","0.468095041215941","0.468095041215941","0.47019007819021413","0.47019007819021413","0.47019007819021413","0.46253176573528254","0.46253176573528254","0.46253176573528254","0.5761033660765381","0.5761033660765381","0.5761033660765381","0.5876631432370623","0.5876631432370623","0.5876631432370623","0.5781860274639665","0.5781860274639665","0.5781860274639665","0.5883339310678526","0.5883339310678526","0.5883339310678526","0.579297745749337","0.579297745749337","0.579297745749337","0.5671826484086084","0.5671826484086084","0.5671826484086084","0.471036787888175","0.471036787888175","0.471036787888175","0.5435167455817783","0.5435167455817783","0.5435167455817783","0.4498024412782107","0.4498024412782107","0.4498024412782107","0.4519923982175933","0.4519923982175933","0.4519923982175933","0.4621493993519762","0.4621493993519762","0.4621493993519762","0.48236558924260664","0.48236558924260664","0.48236558924260664","0.5192829299525409","0.5192829299525409","0.5192829299525409","0.5164026119306012","0.5164026119306012","0.5164026119306012","0.492249604639975","0.492249604639975","0.492249604639975","0.6717597414478861","0.6717597414478861","0.6717597414478861","0.6817624270687123","0.6817624270687123","0.6817624270687123","0.6323157371149579","0.6323157371149579","0.6323157371149579","0.5956395064064565","0.5956395064064565","0.5956395064064565","0.5363613136416492","0.5363613136416492","0.5363613136416492","0.5710892776503825","0.5710892776503825","0.5710892776503825","0.6467469753186798","0.6467469753186798","0.6467469753186798","0.6119452709826064","0.6119452709826064","0.6119452709826064","0.6572152965413659","0.6572152965413659","0.6572152965413659"
"14","0.6212358895352248","0.6212358895352248","0.6212358895352248","0.6204987930540897","0.6204987930540897","0.6204987930540897","0.6474340567867213","0.6474340567867213","0.6474340567867213","0.6229110277584985","0.6229110277584985","0.6229110277584985","0.6098488831233257","0.6098488831233257","0.6098488831233257","0.6225639923201666","0.6225639923201666","0.6225639923201666","0.5105266923590605","0.5105266923590605","0.5105266923590605","0.4779925559818015","0.4779925559818015","0.4779925559818015","0.5309996731690736","0.5309996731690736","0.5309996731690736","0.46542650350718806","0.46542650350718806","0.46542650350718806","0.4807173815233457","0.4807173815233457","0.4807173815233457","0.45939586417656647","0.45939586417656647","0.45939586417656647","0.5921978315827665","0.5921978315827665","0.5921978315827665","0.6046408275844474","0.6046408275844474","0.6046408275844474","0.6126643433714279","0.6126643433714279","0.6126643433714279","0.6107413299384308","0.6107413299384308","0.6107413299384308","0.5952866165639527","0.5952866165639527","0.5952866165639527","0.5990576486869332","0.5990576486869332","0.5990576486869332","0.44416087697136875","0.44416087697136875","0.44416087697136875","0.5130273004910039","0.5130273004910039","0.5130273004910039","0.47844732472874457","0.47844732472874457","0.47844732472874457","0.4377953097033489","0.4377953097033489","0.4377953097033489","0.455293067101832","0.455293067101832","0.455293067101832","0.44966251656460493","0.44966251656460493","0.44966251656460493","0.5159884481578825","0.5159884481578825","0.5159884481578825","0.5472830434035909","0.5472830434035909","0.5472830434035909","0.5079334429197394","0.5079334429197394","0.5079334429197394","0.7064997954806789","0.7064997954806789","0.7064997954806789","0.6836731496440607","0.6836731496440607","0.6836731496440607","0.7004206172174027","0.7004206172174027","0.7004206172174027","0.5877328031829225","0.5877328031829225","0.5877328031829225","0.5490315499569605","0.5490315499569605","0.5490315499569605","0.5828471006459324","0.5828471006459324","0.5828471006459324","0.6642379183740283","0.6642379183740283","0.6642379183740283","0.6319608662554718","0.6319608662554718","0.6319608662554718","0.6528474035665057","0.6528474035665057","0.6528474035665057"
"15","0.6315886823916431","0.6315886823916431","0.6315886823916431","0.6414926439384667","0.6414926439384667","0.6414926439384667","0.6640945383683284","0.6640945383683284","0.6640945383683284","0.6015012092650246","0.6015012092650246","0.6015012092650246","0.6123665507513787","0.6123665507513787","0.6123665507513787","0.6638604367221617","0.6638604367221617","0.6638604367221617","0.5402904330796797","0.5402904330796797","0.5402904330796797","0.5082129577978772","0.5082129577978772","0.5082129577978772","0.5335920897637895","0.5335920897637895","0.5335920897637895","0.45796316909888873","0.45796316909888873","0.45796316909888873","0.4549327466031909","0.4549327466031909","0.4549327466031909","0.4628210416432654","0.4628210416432654","0.4628210416432654","0.6130978131512197","0.6130978131512197","0.6130978131512197","0.611319632224218","0.611319632224218","0.611319632224218","0.5935002801952931","0.5935002801952931","0.5935002801952931","0.6009700935522302","0.6009700935522302","0.6009700935522302","0.5964907257865015","0.5964907257865015","0.5964907257865015","0.595414183638809","0.595414183638809","0.595414183638809","0.4710008608477033","0.4710008608477033","0.4710008608477033","0.5195137283270799","0.5195137283270799","0.5195137283270799","0.4878795617824961","0.4878795617824961","0.4878795617824961","0.4166057871943","0.4166057871943","0.4166057871943","0.5052450672795928","0.5052450672795928","0.5052450672795928","0.5216105744924089","0.5216105744924089","0.5216105744924089","0.5067043658422563","0.5067043658422563","0.5067043658422563","0.5333903472366965","0.5333903472366965","0.5333903472366965","0.5231549814744321","0.5231549814744321","0.5231549814744321","0.674077119779561","0.674077119779561","0.674077119779561","0.6985268634762807","0.6985268634762807","0.6985268634762807","0.6673748322470398","0.6673748322470398","0.6673748322470398","0.6202446713521766","0.6202446713521766","0.6202446713521766","0.5761975800289592","0.5761975800289592","0.5761975800289592","0.5898707868645371","0.5898707868645371","0.5898707868645371","0.661644238102818","0.661644238102818","0.661644238102818","0.6487705983591427","0.6487705983591427","0.6487705983591427","0.6728950819784655","0.6728950819784655","0.6728950819784655"
"16","0.6211156052652274","0.6211156052652274","0.6211156052652274","0.6515039925994294","0.6515039925994294","0.6515039925994294","0.6324756305068714","0.6324756305068714","0.6324756305068714","0.637823733116506","0.637823733116506","0.637823733116506","0.6326953518589388","0.6326953518589388","0.6326953518589388","0.6445443933632873","0.6445443933632873","0.6445443933632873","0.5341125416030237","0.5341125416030237","0.5341125416030237","0.5243570056500282","0.5243570056500282","0.5243570056500282","0.5531956493866895","0.5531956493866895","0.5531956493866895","0.44689872682756","0.44689872682756","0.44689872682756","0.4648287474675401","0.4648287474675401","0.4648287474675401","0.4590805009208161","0.4590805009208161","0.4590805009208161","0.6248218560655494","0.6248218560655494","0.6248218560655494","0.6058999763178801","0.6058999763178801","0.6058999763178801","0.6242057158753517","0.6242057158753517","0.6242057158753517","0.5970694204336652","0.5970694204336652","0.5970694204336652","0.6186420765458699","0.6186420765458699","0.6186420765458699","0.6066045799451673","0.6066045799451673","0.6066045799451673","0.4518789144104675","0.4518789144104675","0.4518789144104675","0.5524109154219151","0.5524109154219151","0.5524109154219151","0.48612310349327453","0.48612310349327453","0.48612310349327453","0.4138224406332423","0.4138224406332423","0.4138224406332423","0.4433203008678418","0.4433203008678418","0.4433203008678418","0.5437006379179646","0.5437006379179646","0.5437006379179646","0.5548197968746966","0.5548197968746966","0.5548197968746966","0.5336718090461183","0.5336718090461183","0.5336718090461183","0.519076053535523","0.519076053535523","0.519076053535523","0.7203887911007296","0.7203887911007296","0.7203887911007296","0.7029734409098275","0.7029734409098275","0.7029734409098275","0.7020155265923106","0.7020155265923106","0.7020155265923106","0.6068789185269831","0.6068789185269831","0.6068789185269831","0.5908222971487918","0.5908222971487918","0.5908222971487918","0.6182438418968171","0.6182438418968171","0.6182438418968171","0.6556118968729002","0.6556118968729002","0.6556118968729002","0.6382656415603718","0.6382656415603718","0.6382656415603718","0.6950691438114545","0.6950691438114545","0.6950691438114545"
"17","0.6482114755970999","0.6482114755970999","0.6482114755970999","0.6278411677647626","0.6278411677647626","0.6278411677647626","0.6498701128776815","0.6498701128776815","0.6498701128776815","0.6618970120217642","0.6618970120217642","0.6618970120217642","0.6513468145325633","0.6513468145325633","0.6513468145325633","0.6833405097126154","0.6833405097126154","0.6833405097126154","0.5311651463465394","0.5311651463465394","0.5311651463465394","0.5212150188825955","0.5212150188825955","0.5212150188825955","0.5418826220163518","0.5418826220163518","0.5418826220163518","0.4547305892556879","0.4547305892556879","0.4547305892556879","0.46198368336237966","0.46198368336237966","0.46198368336237966","0.4659963904124635","0.4659963904124635","0.4659963904124635","0.6184467309664198","0.6184467309664198","0.6184467309664198","0.6179857272128368","0.6179857272128368","0.6179857272128368","0.6106267096809793","0.6106267096809793","0.6106267096809793","0.6196739378756739","0.6196739378756739","0.6196739378756739","0.6233800314463274","0.6233800314463274","0.6233800314463274","0.6204239638940223","0.6204239638940223","0.6204239638940223","0.475546224765713","0.475546224765713","0.475546224765713","0.5273401115613632","0.5273401115613632","0.5273401115613632","0.49190081461583995","0.49190081461583995","0.49190081461583995","0.415163334467369","0.415163334467369","0.415163334467369","0.48868914382304657","0.48868914382304657","0.48868914382304657","0.4747171931960743","0.4747171931960743","0.4747171931960743","0.5407768380526943","0.5407768380526943","0.5407768380526943","0.5520218824035089","0.5520218824035089","0.5520218824035089","0.5288973907643018","0.5288973907643018","0.5288973907643018","0.6742398533807784","0.6742398533807784","0.6742398533807784","0.7227954734744115","0.7227954734744115","0.7227954734744115","0.7073967046190867","0.7073967046190867","0.7073967046190867","0.5997042183214124","0.5997042183214124","0.5997042183214124","0.5862820010112187","0.5862820010112187","0.5862820010112187","0.6068835636924172","0.6068835636924172","0.6068835636924172","0.6736105144245113","0.6736105144245113","0.6736105144245113","0.6451967668771882","0.6451967668771882","0.6451967668771882","0.6744675710930836","0.6744675710930836","0.6744675710930836"
"18","0.6317988801533453","0.6317988801533453","0.6317988801533453","0.6544479840231883","0.6544479840231883","0.6544479840231883","0.6692962097726294","0.6692962097726294","0.6692962097726294","0.6312339007536875","0.6312339007536875","0.6312339007536875","0.6246863404860801","0.6246863404860801","0.6246863404860801","0.6527950889985672","0.6527950889985672","0.6527950889985672","0.5188193627173974","0.5188193627173974","0.5188193627173974","0.5138764109751617","0.5138764109751617","0.5138764109751617","0.5402811196614695","0.5402811196614695","0.5402811196614695","0.4679347354737668","0.4679347354737668","0.4679347354737668","0.4674541500132988","0.4674541500132988","0.4674541500132988","0.46774468382337564","0.46774468382337564","0.46774468382337564","0.6030973516375705","0.6030973516375705","0.6030973516375705","0.6382886681224413","0.6382886681224413","0.6382886681224413","0.6300695702914854","0.6300695702914854","0.6300695702914854","0.6137800572061185","0.6137800572061185","0.6137800572061185","0.6144899991541303","0.6144899991541303","0.6144899991541303","0.6246170374009447","0.6246170374009447","0.6246170374009447","0.4882242100644837","0.4882242100644837","0.4882242100644837","0.5455135327507978","0.5455135327507978","0.5455135327507978","0.5358096255978074","0.5358096255978074","0.5358096255978074","0.44876775987326256","0.44876775987326256","0.44876775987326256","0.49833397088925013","0.49833397088925013","0.49833397088925013","0.5375016779593246","0.5375016779593246","0.5375016779593246","0.576003286936033","0.576003286936033","0.576003286936033","0.5559364533936235","0.5559364533936235","0.5559364533936235","0.5527779458153562","0.5527779458153562","0.5527779458153562","0.7135141838662045","0.7135141838662045","0.7135141838662045","0.6889904936706277","0.6889904936706277","0.6889904936706277","0.7100753500725767","0.7100753500725767","0.7100753500725767","0.5915018759324993","0.5915018759324993","0.5915018759324993","0.5894995963297823","0.5894995963297823","0.5894995963297823","0.6117765698813221","0.6117765698813221","0.6117765698813221","0.6801765556053659","0.6801765556053659","0.6801765556053659","0.659243787018033","0.659243787018033","0.659243787018033","0.6865132785367024","0.6865132785367024","0.6865132785367024"
"19","0.6414779062978578","0.6414779062978578","0.6414779062978578","0.6581782955820529","0.6581782955820529","0.6581782955820529","0.6785334859081854","0.6785334859081854","0.6785334859081854","0.6666436858877105","0.6666436858877105","0.6666436858877105","0.6492939077548321","0.6492939077548321","0.6492939077548321","0.6706200889942071","0.6706200889942071","0.6706200889942071","0.5373886364544703","0.5373886364544703","0.5373886364544703","0.5346070282631687","0.5346070282631687","0.5346070282631687","0.5499701630403778","0.5499701630403778","0.5499701630403778","0.4811412405973737","0.4811412405973737","0.4811412405973737","0.47573184355382503","0.47573184355382503","0.47573184355382503","0.4827346913226209","0.4827346913226209","0.4827346913226209","0.6177161011837302","0.6177161011837302","0.6177161011837302","0.6504919065868274","0.6504919065868274","0.6504919065868274","0.6288159508500125","0.6288159508500125","0.6288159508500125","0.6099067254742895","0.6099067254742895","0.6099067254742895","0.6223057981806802","0.6223057981806802","0.6223057981806802","0.6103377591577804","0.6103377591577804","0.6103377591577804","0.5081177819809876","0.5081177819809876","0.5081177819809876","0.5555548861462674","0.5555548861462674","0.5555548861462674","0.504110110399581","0.504110110399581","0.504110110399581","0.44621419350022545","0.44621419350022545","0.44621419350022545","0.5025851907080685","0.5025851907080685","0.5025851907080685","0.577631669563308","0.577631669563308","0.577631669563308","0.5372049332759761","0.5372049332759761","0.5372049332759761","0.5662265302547482","0.5662265302547482","0.5662265302547482","0.5265460978934773","0.5265460978934773","0.5265460978934773","0.7110397665570151","0.7110397665570151","0.7110397665570151","0.7205323997362266","0.7205323997362266","0.7205323997362266","0.6911833138393197","0.6911833138393197","0.6911833138393197","0.6191035834285531","0.6191035834285531","0.6191035834285531","0.5943635304549404","0.5943635304549404","0.5943635304549404","0.6077417047070025","0.6077417047070025","0.6077417047070025","0.6776519086573753","0.6776519086573753","0.6776519086573753","0.6717003780711311","0.6717003780711311","0.6717003780711311","0.6959976909531059","0.6959976909531059","0.6959976909531059"
"20","0.645650142006259","0.645650142006259","0.645650142006259","0.6503262546870733","0.6503262546870733","0.6503262546870733","0.687511808116175","0.687511808116175","0.687511808116175","0.6520635637520297","0.6520635637520297","0.6520635637520297","0.6610782598426244","0.6610782598426244","0.6610782598426244","0.6771211679772375","0.6771211679772375","0.6771211679772375","0.5580598385992075","0.5580598385992075","0.5580598385992075","0.5520630980826748","0.5520630980826748","0.5520630980826748","0.5827032595708894","0.5827032595708894","0.5827032595708894","0.48287290182198445","0.48287290182198445","0.48287290182198445","0.4851909868218362","0.4851909868218362","0.4851909868218362","0.4884791891625629","0.4884791891625629","0.4884791891625629","0.6211636514089107","0.6211636514089107","0.6211636514089107","0.6332599852655254","0.6332599852655254","0.6332599852655254","0.6486277280726503","0.6486277280726503","0.6486277280726503","0.6308712860417918","0.6308712860417918","0.6308712860417918","0.644276619380999","0.644276619380999","0.644276619380999","0.6397070975954592","0.6397070975954592","0.6397070975954592","0.4844845648936038","0.4844845648936038","0.4844845648936038","0.5627831439626848","0.5627831439626848","0.5627831439626848","0.5106680082974062","0.5106680082974062","0.5106680082974062","0.4859424690048028","0.4859424690048028","0.4859424690048028","0.5165256549520981","0.5165256549520981","0.5165256549520981","0.5126243117643146","0.5126243117643146","0.5126243117643146","0.5770256964148941","0.5770256964148941","0.5770256964148941","0.5861112910152647","0.5861112910152647","0.5861112910152647","0.5220298322046397","0.5220298322046397","0.5220298322046397","0.7068587049840165","0.7068587049840165","0.7068587049840165","0.7153116577984694","0.7153116577984694","0.7153116577984694","0.704601236638003","0.704601236638003","0.704601236638003","0.6469644913576126","0.6469644913576126","0.6469644913576126","0.6039063010159106","0.6039063010159106","0.6039063010159106","0.6364512838850253","0.6364512838850253","0.6364512838850253","0.6962623145103678","0.6962623145103678","0.6962623145103678","0.6729378894409493","0.6729378894409493","0.6729378894409493","0.7036660228667427","0.7036660228667427","0.7036660228667427"
"21","0.6790074649571778","0.6790074649571778","0.6790074649571778","0.6620774058828874","0.6620774058828874","0.6620774058828874","0.6778342653944758","0.6778342653944758","0.6778342653944758","0.6614575739512245","0.6614575739512245","0.6614575739512245","0.6508568019506755","0.6508568019506755","0.6508568019506755","0.6771335459052793","0.6771335459052793","0.6771335459052793","0.5642910691495558","0.5642910691495558","0.5642910691495558","0.5318418942031516","0.5318418942031516","0.5318418942031516","0.5674360709087816","0.5674360709087816","0.5674360709087816","0.4886278183830262","0.4886278183830262","0.4886278183830262","0.4766870065932944","0.4766870065932944","0.4766870065932944","0.5007784847375792","0.5007784847375792","0.5007784847375792","0.6180289084168936","0.6180289084168936","0.6180289084168936","0.6371055591407164","0.6371055591407164","0.6371055591407164","0.6380491769785767","0.6380491769785767","0.6380491769785767","0.6075476085807443","0.6075476085807443","0.6075476085807443","0.6364947656942145","0.6364947656942145","0.6364947656942145","0.6344593772239293","0.6344593772239293","0.6344593772239293","0.4994283575121977","0.4994283575121977","0.4994283575121977","0.5465738699850607","0.5465738699850607","0.5465738699850607","0.542756475519377","0.542756475519377","0.542756475519377","0.4766832566338294","0.4766832566338294","0.4766832566338294","0.5198368433533834","0.5198368433533834","0.5198368433533834","0.520097721379341","0.520097721379341","0.520097721379341","0.571165657925919","0.571165657925919","0.571165657925919","0.5824968527852229","0.5824968527852229","0.5824968527852229","0.5355362870474738","0.5355362870474738","0.5355362870474738","0.7180447404851389","0.7180447404851389","0.7180447404851389","0.6910815824417994","0.6910815824417994","0.6910815824417994","0.7252214972348041","0.7252214972348041","0.7252214972348041","0.6215075676151465","0.6215075676151465","0.6215075676151465","0.6066752863172876","0.6066752863172876","0.6066752863172876","0.6053444271789727","0.6053444271789727","0.6053444271789727","0.6883942121276122","0.6883942121276122","0.6883942121276122","0.6657426134487908","0.6657426134487908","0.6657426134487908","0.6883238899302626","0.6883238899302626","0.6883238899302626"
"22","0.6696819192682605","0.6696819192682605","0.6696819192682605","0.6935870511217432","0.6935870511217432","0.6935870511217432","0.6963006534015801","0.6963006534015801","0.6963006534015801","0.6726116318551487","0.6726116318551487","0.6726116318551487","0.6788910249405454","0.6788910249405454","0.6788910249405454","0.6779535516988734","0.6779535516988734","0.6779535516988734","0.5598762908070805","0.5598762908070805","0.5598762908070805","0.549863036712701","0.549863036712701","0.549863036712701","0.5644462913835827","0.5644462913835827","0.5644462913835827","0.4953678229113981","0.4953678229113981","0.4953678229113981","0.5006358190350977","0.5006358190350977","0.5006358190350977","0.46845005898573","0.46845005898573","0.46845005898573","0.6388811208842573","0.6388811208842573","0.6388811208842573","0.6473820629175123","0.6473820629175123","0.6473820629175123","0.6514808017894899","0.6514808017894899","0.6514808017894899","0.6490609143904486","0.6490609143904486","0.6490609143904486","0.6429561036613651","0.6429561036613651","0.6429561036613651","0.6628326824758175","0.6628326824758175","0.6628326824758175","0.5097576491017031","0.5097576491017031","0.5097576491017031","0.5504134206801616","0.5504134206801616","0.5504134206801616","0.5609909559005877","0.5609909559005877","0.5609909559005877","0.49666881939846846","0.49666881939846846","0.49666881939846846","0.5034268185032286","0.5034268185032286","0.5034268185032286","0.6025080303326297","0.6025080303326297","0.6025080303326297","0.5790679583208992","0.5790679583208992","0.5790679583208992","0.5687882707103186","0.5687882707103186","0.5687882707103186","0.5503081412351026","0.5503081412351026","0.5503081412351026","0.7269444667186163","0.7269444667186163","0.7269444667186163","0.7301694905714036","0.7301694905714036","0.7301694905714036","0.7365505555357761","0.7365505555357761","0.7365505555357761","0.6363538166191001","0.6363538166191001","0.6363538166191001","0.6308230615324522","0.6308230615324522","0.6308230615324522","0.6380049256178897","0.6380049256178897","0.6380049256178897","0.6903078393215719","0.6903078393215719","0.6903078393215719","0.6729189111108742","0.6729189111108742","0.6729189111108742","0.7243419773669743","0.7243419773669743","0.7243419773669743"
"23","0.6733576104959609","0.6733576104959609","0.6733576104959609","0.6758277573407925","0.6758277573407925","0.6758277573407925","0.6939765487439838","0.6939765487439838","0.6939765487439838","0.6880205094498247","0.6880205094498247","0.6880205094498247","0.6737256724286343","0.6737256724286343","0.6737256724286343","0.6907413142197771","0.6907413142197771","0.6907413142197771","0.5765978434863941","0.5765978434863941","0.5765978434863941","0.547608128481197","0.547608128481197","0.547608128481197","0.5760104540375269","0.5760104540375269","0.5760104540375269","0.47947149978654635","0.47947149978654635","0.47947149978654635","0.50747888688736","0.50747888688736","0.50747888688736","0.5087173880237822","0.5087173880237822","0.5087173880237822","0.6396501309784468","0.6396501309784468","0.6396501309784468","0.6466597394592182","0.6466597394592182","0.6466597394592182","0.6775818122768483","0.6775818122768483","0.6775818122768483","0.6538633849047404","0.6538633849047404","0.6538633849047404","0.6481217965706539","0.6481217965706539","0.6481217965706539","0.663540147286179","0.663540147286179","0.663540147286179","0.5090676182169827","0.5090676182169827","0.5090676182169827","0.5426232952920073","0.5426232952920073","0.5426232952920073","0.538597272251768","0.538597272251768","0.538597272251768","0.4901876395641479","0.4901876395641479","0.4901876395641479","0.4666662936562462","0.4666662936562462","0.4666662936562462","0.5757216268297729","0.5757216268297729","0.5757216268297729","0.5899717010371791","0.5899717010371791","0.5899717010371791","0.5658868603869127","0.5658868603869127","0.5658868603869127","0.5483340402316759","0.5483340402316759","0.5483340402316759","0.7272456077557232","0.7272456077557232","0.7272456077557232","0.7333093778476814","0.7333093778476814","0.7333093778476814","0.7188081793785587","0.7188081793785587","0.7188081793785587","0.6584452912438057","0.6584452912438057","0.6584452912438057","0.6308264380587948","0.6308264380587948","0.6308264380587948","0.6523053914812957","0.6523053914812957","0.6523053914812957","0.7053078303386424","0.7053078303386424","0.7053078303386424","0.6789942763747852","0.6789942763747852","0.6789942763747852","0.7023297006273054","0.7023297006273054","0.7023297006273054"
"24","0.6432010403617773","0.6432010403617773","0.6432010403617773","0.6732439481815422","0.6732439481815422","0.6732439481815422","0.6693014514736062","0.6693014514736062","0.6693014514736062","0.6614448677542933","0.6614448677542933","0.6614448677542933","0.680469198904834","0.680469198904834","0.680469198904834","0.686264552118449","0.686264552118449","0.686264552118449","0.581215825959105","0.581215825959105","0.581215825959105","0.5370230343527944","0.5370230343527944","0.5370230343527944","0.6010747994817862","0.6010747994817862","0.6010747994817862","0.4941273954685163","0.4941273954685163","0.4941273954685163","0.4863600808914624","0.4863600808914624","0.4863600808914624","0.49527945046368377","0.49527945046368377","0.49527945046368377","0.6581443018980915","0.6581443018980915","0.6581443018980915","0.670372965398627","0.670372965398627","0.670372965398627","0.6535842628756793","0.6535842628756793","0.6535842628756793","0.6591198908569267","0.6591198908569267","0.6591198908569267","0.6733922339428382","0.6733922339428382","0.6733922339428382","0.653664593255036","0.653664593255036","0.653664593255036","0.5425300546253082","0.5425300546253082","0.5425300546253082","0.5472482040826038","0.5472482040826038","0.5472482040826038","0.5506728431514583","0.5506728431514583","0.5506728431514583","0.47913209917115207","0.47913209917115207","0.47913209917115207","0.5487045730086271","0.5487045730086271","0.5487045730086271","0.5770128400042218","0.5770128400042218","0.5770128400042218","0.5662245099588044","0.5662245099588044","0.5662245099588044","0.577157677463193","0.577157677463193","0.577157677463193","0.5629071321181719","0.5629071321181719","0.5629071321181719","0.6641839718236333","0.6641839718236333","0.6641839718236333","0.7117080942809517","0.7117080942809517","0.7117080942809517","0.740309928796224","0.740309928796224","0.740309928796224","0.6490861351032043","0.6490861351032043","0.6490861351032043","0.6131757226896216","0.6131757226896216","0.6131757226896216","0.6279773875398693","0.6279773875398693","0.6279773875398693","0.6918260838487054","0.6918260838487054","0.6918260838487054","0.6891253160571593","0.6891253160571593","0.6891253160571593","0.721237361841872","0.721237361841872","0.721237361841872"
"25","0.6778779603681395","0.6778779603681395","0.6778779603681395","0.6690427524739871","0.6690427524739871","0.6690427524739871","0.6931745093557177","0.6931745093557177","0.6931745093557177","0.6647140973651371","0.6647140973651371","0.6647140973651371","0.6740791039817287","0.6740791039817287","0.6740791039817287","0.7084808480250688","0.7084808480250688","0.7084808480250688","0.5899772643534493","0.5899772643534493","0.5899772643534493","0.571336206790873","0.571336206790873","0.571336206790873","0.5721963391587166","0.5721963391587166","0.5721963391587166","0.4989193293440416","0.4989193293440416","0.4989193293440416","0.4986599920080217","0.4986599920080217","0.4986599920080217","0.49880250149041827","0.49880250149041827","0.49880250149041827","0.6618785513448899","0.6618785513448899","0.6618785513448899","0.6589045325510314","0.6589045325510314","0.6589045325510314","0.6709269977441419","0.6709269977441419","0.6709269977441419","0.6425890590190385","0.6425890590190385","0.6425890590190385","0.6644936335331056","0.6644936335331056","0.6644936335331056","0.671539978158345","0.671539978158345","0.671539978158345","0.5449112447209911","0.5449112447209911","0.5449112447209911","0.5693471163269972","0.5693471163269972","0.5693471163269972","0.5563310842557317","0.5563310842557317","0.5563310842557317","0.4801229541960106","0.4801229541960106","0.4801229541960106","0.5267285181586198","0.5267285181586198","0.5267285181586198","0.5806209963655511","0.5806209963655511","0.5806209963655511","0.5914513062122728","0.5914513062122728","0.5914513062122728","0.5929065733616726","0.5929065733616726","0.5929065733616726","0.5648385591701024","0.5648385591701024","0.5648385591701024","0.707311102146176","0.707311102146176","0.707311102146176","0.7335704368191241","0.7335704368191241","0.7335704368191241","0.7401753371290215","0.7401753371290215","0.7401753371290215","0.645475079262127","0.645475079262127","0.645475079262127","0.6389634543458684","0.6389634543458684","0.6389634543458684","0.6602829014044721","0.6602829014044721","0.6602829014044721","0.7103585436960005","0.7103585436960005","0.7103585436960005","0.7077815775905341","0.7077815775905341","0.7077815775905341","0.7077531273908537","0.7077531273908537","0.7077531273908537"
"26","0.6675979914776579","0.6675979914776579","0.6675979914776579","0.6862965142958535","0.6862965142958535","0.6862965142958535","0.6890423686296308","0.6890423686296308","0.6890423686296308","0.6812938881570062","0.6812938881570062","0.6812938881570062","0.6851207026934446","0.6851207026934446","0.6851207026934446","0.6848976610828234","0.6848976610828234","0.6848976610828234","0.5778541949656438","0.5778541949656438","0.5778541949656438","0.5555291324848045","0.5555291324848045","0.5555291324848045","0.5813400396241544","0.5813400396241544","0.5813400396241544","0.5024722503451321","0.5024722503451321","0.5024722503451321","0.49059661691814616","0.49059661691814616","0.49059661691814616","0.5051076732011351","0.5051076732011351","0.5051076732011351","0.625778602361215","0.625778602361215","0.625778602361215","0.6679214750515342","0.6679214750515342","0.6679214750515342","0.6740498333973298","0.6740498333973298","0.6740498333973298","0.6373086185689841","0.6373086185689841","0.6373086185689841","0.6735876766716473","0.6735876766716473","0.6735876766716473","0.6538139720948262","0.6538139720948262","0.6538139720948262","0.5208153490890982","0.5208153490890982","0.5208153490890982","0.5767636288539021","0.5767636288539021","0.5767636288539021","0.5413850169149204","0.5413850169149204","0.5413850169149204","0.5055036880964497","0.5055036880964497","0.5055036880964497","0.5512033716007128","0.5512033716007128","0.5512033716007128","0.5990783630266355","0.5990783630266355","0.5990783630266355","0.5907194600073669","0.5907194600073669","0.5907194600073669","0.6011309224411658","0.6011309224411658","0.6011309224411658","0.5788712766930099","0.5788712766930099","0.5788712766930099","0.7241955530681833","0.7241955530681833","0.7241955530681833","0.7464791631495535","0.7464791631495535","0.7464791631495535","0.7350442256437574","0.7350442256437574","0.7350442256437574","0.6701933333274956","0.6701933333274956","0.6701933333274956","0.6448821804164852","0.6448821804164852","0.6448821804164852","0.6587220984734864","0.6587220984734864","0.6587220984734864","0.7166261145889783","0.7166261145889783","0.7166261145889783","0.7142489782366904","0.7142489782366904","0.7142489782366904","0.7237605665922595","0.7237605665922595","0.7237605665922595"
"27","0.6864670052617516","0.6864670052617516","0.6864670052617516","0.6846271597701368","0.6846271597701368","0.6846271597701368","0.685749645125319","0.685749645125319","0.685749645125319","0.6717776138890688","0.6717776138890688","0.6717776138890688","0.684061993710038","0.684061993710038","0.684061993710038","0.6851194596763928","0.6851194596763928","0.6851194596763928","0.586083726932907","0.586083726932907","0.586083726932907","0.5898813007796927","0.5898813007796927","0.5898813007796927","0.60560767414091","0.60560767414091","0.60560767414091","0.5175292664276416","0.5175292664276416","0.5175292664276416","0.532277439085867","0.532277439085867","0.532277439085867","0.5087205660438004","0.5087205660438004","0.5087205660438004","0.6708356032414824","0.6708356032414824","0.6708356032414824","0.6705380696577721","0.6705380696577721","0.6705380696577721","0.6812115930266576","0.6812115930266576","0.6812115930266576","0.6648212438100778","0.6648212438100778","0.6648212438100778","0.6781573340030549","0.6781573340030549","0.6781573340030549","0.6584451742804721","0.6584451742804721","0.6584451742804721","0.5228603437412083","0.5228603437412083","0.5228603437412083","0.6110193235525593","0.6110193235525593","0.6110193235525593","0.550739075846815","0.550739075846815","0.550739075846815","0.5168946567585748","0.5168946567585748","0.5168946567585748","0.5086328245639191","0.5086328245639191","0.5086328245639191","0.5804968011362482","0.5804968011362482","0.5804968011362482","0.609006290157015","0.609006290157015","0.609006290157015","0.6156916102840168","0.6156916102840168","0.6156916102840168","0.5818407238476198","0.5818407238476198","0.5818407238476198","0.7224416617511931","0.7224416617511931","0.7224416617511931","0.7293526015850874","0.7293526015850874","0.7293526015850874","0.7376493284013972","0.7376493284013972","0.7376493284013972","0.6513153713671913","0.6513153713671913","0.6513153713671913","0.6593748555579799","0.6593748555579799","0.6593748555579799","0.671917531839238","0.671917531839238","0.671917531839238","0.7240999927737253","0.7240999927737253","0.7240999927737253","0.7006157108782611","0.7006157108782611","0.7006157108782611","0.740974318338965","0.740974318338965","0.740974318338965"
"28","0.6826635909541156","0.6826635909541156","0.6826635909541156","0.703977799191346","0.703977799191346","0.703977799191346","0.708711438301764","0.708711438301764","0.708711438301764","0.6986830657683216","0.6986830657683216","0.6986830657683216","0.6867382282005005","0.6867382282005005","0.6867382282005005","0.6941517324972513","0.6941517324972513","0.6941517324972513","0.5904808561420333","0.5904808561420333","0.5904808561420333","0.5813546912178409","0.5813546912178409","0.5813546912178409","0.568372772224296","0.568372772224296","0.568372772224296","0.5251351844998866","0.5251351844998866","0.5251351844998866","0.5253377181175711","0.5253377181175711","0.5253377181175711","0.5222324582208862","0.5222324582208862","0.5222324582208862","0.6386356591397679","0.6386356591397679","0.6386356591397679","0.6525921729665863","0.6525921729665863","0.6525921729665863","0.6747032063020364","0.6747032063020364","0.6747032063020364","0.6794442012128062","0.6794442012128062","0.6794442012128062","0.6729126330886053","0.6729126330886053","0.6729126330886053","0.6701404072683027","0.6701404072683027","0.6701404072683027","0.5498997789993384","0.5498997789993384","0.5498997789993384","0.5696388712633964","0.5696388712633964","0.5696388712633964","0.5617804852632493","0.5617804852632493","0.5617804852632493","0.4896259050165061","0.4896259050165061","0.4896259050165061","0.5048204892845268","0.5048204892845268","0.5048204892845268","0.6121881510760482","0.6121881510760482","0.6121881510760482","0.5844305653411935","0.5844305653411935","0.5844305653411935","0.6242839256768556","0.6242839256768556","0.6242839256768556","0.5628053412767637","0.5628053412767637","0.5628053412767637","0.7358003354059527","0.7358003354059527","0.7358003354059527","0.7353348942170076","0.7353348942170076","0.7353348942170076","0.7302769098343541","0.7302769098343541","0.7302769098343541","0.6602411658891718","0.6602411658891718","0.6602411658891718","0.6544327250873877","0.6544327250873877","0.6544327250873877","0.6476081462934327","0.6476081462934327","0.6476081462934327","0.7153555388026208","0.7153555388026208","0.7153555388026208","0.7075413281391818","0.7075413281391818","0.7075413281391818","0.7390033831156744","0.7390033831156744","0.7390033831156744"
"29","0.6786380095893658","0.6786380095893658","0.6786380095893658","0.6862172294098404","0.6862172294098404","0.6862172294098404","0.6991589814363471","0.6991589814363471","0.6991589814363471","0.6794593613623423","0.6794593613623423","0.6794593613623423","0.693573860843154","0.693573860843154","0.693573860843154","0.720818411117798","0.720818411117798","0.720818411117798","0.6193901164280173","0.6193901164280173","0.6193901164280173","0.5956080551224091","0.5956080551224091","0.5956080551224091","0.6074754983100573","0.6074754983100573","0.6074754983100573","0.5096571735035166","0.5096571735035166","0.5096571735035166","0.5437586856700923","0.5437586856700923","0.5437586856700923","0.5173929579066301","0.5173929579066301","0.5173929579066301","0.6790502579508608","0.6790502579508608","0.6790502579508608","0.657488396559719","0.657488396559719","0.657488396559719","0.680960062028716","0.680960062028716","0.680960062028716","0.67610506232613","0.67610506232613","0.67610506232613","0.6766702718299182","0.6766702718299182","0.6766702718299182","0.6590740442826166","0.6590740442826166","0.6590740442826166","0.4956842873922682","0.4956842873922682","0.4956842873922682","0.5554999957364545","0.5554999957364545","0.5554999957364545","0.5565478779373979","0.5565478779373979","0.5565478779373979","0.5110975246242543","0.5110975246242543","0.5110975246242543","0.550916533390671","0.550916533390671","0.550916533390671","0.6101315141709869","0.6101315141709869","0.6101315141709869","0.6248049269200422","0.6248049269200422","0.6248049269200422","0.6176218335693257","0.6176218335693257","0.6176218335693257","0.5860748850209482","0.5860748850209482","0.5860748850209482","0.7318905430407464","0.7318905430407464","0.7318905430407464","0.7241219095049398","0.7241219095049398","0.7241219095049398","0.7356259640990809","0.7356259640990809","0.7356259640990809","0.6497446120312897","0.6497446120312897","0.6497446120312897","0.6573335765091358","0.6573335765091358","0.6573335765091358","0.6555091653143709","0.6555091653143709","0.6555091653143709","0.719923219846068","0.719923219846068","0.719923219846068","0.7281651448646187","0.7281651448646187","0.7281651448646187","0.7180442742235654","0.7180442742235654","0.7180442742235654"